Name 	Symbol	ISIN  	Index Membership	Last closing	Change (%)	Turnover(NIS thousands)	Last transaction	Base Price	Opening Price	High	Low	Change (0.01 NIS)	Yield MTD (%)	Yield YTD (%)	Transactions	Volume	Market Cap(NIS thousands)	MinimumVolume*	Ex Type	Capital Listed for Trading
אאורה	אאורה 	373019	תא-SME60, תא-נדלן, תא All-Share, תא-רימון, תא-SME150	248.00	0.94	88.08	13:36	245.70	245.00	254.90	245.00	2.30	-4.0	-6.7	12	35834	514515	780		209407921
אבגול	אבגל	1100957	תא-90, תא-125, מדד תל-דיב, תא All-Share, תא-רימון, תא-SME150, תא סקטור-באלאנס, תא-תעשייה	213.00	-1.66	162.19	13:37	216.60	216.00	216.30	212.00	-3.60	-8.7	-16.8	42	75630	642984	840		296853097
אבוג'ן	אבגן	1105055	תא-SME60, מדד תא-ביומד, תא גלובל-בלוטק, תא All-Share, תא טק - עילית, תא-רימון, תא-SME150	501.00	-1.49	149.61	13:24	508.60	510.00	511.80	501.00	-7.60	-5.7	-3.2	41	29501	130986	370		25754297
אביב ארלון	אבלן	106013		268.70				268.70	268.70				0.2	1.2			100565	750		37426662
אביב בניה	אביב	444018	תא-נדלן, תא-צמיחה, תא All-Share	2094.00	2.20	145.21	13:47	2049.00	2070.00	2146.00	2068.00	45.00	-1.1	15.8	11	6939	271461	97		13248470
אביליטי	אביל	1137256		106.40				106.40	106.40				-5.1	-9.6			8554	1800		8039061
אברבוך	אברבך	675017	תא-צמיחה, תא All-Share	2103.00	3.85	19.12	14:02	2025.00	2025.00	2105.00	2000.00	78.00	-6.2	-32.4	10	941	170521	93		8420792
אברות	אברות	297010		37.40				37.40	37.40				0.0	7.2			61387	5300		164137100
אגוד	אגוד	722314	מדד תא-פיננסים, מדד תא-מעלה, תא-צמיחה, תא All-Share	1982.00	0.05	613.90	14:04	1981.00	1995.00	2013.00	1982.00	1.00	-2.6	-7.8	40	30799	1457680	98		73583024
אדגר	אדגר	1820083	תא-90, תא-125, תא-נדלן, תא All-Share, תא-רימון, תא-SME150	833.80	1.65	3085.67	13:56	820.30	820.30	834.90	820.30	13.50	-1.2	-3.4	136	371098	1248308	240		152177042
אדרי-אל	אדרל	1105162		107.00				107.00	107.00				12.3	-11.4			20113	2100		18797409
או פי סי אנרגיה	אפסא	1141571	תא-90, תא-125, תא All-Share, תא-רימון, תא-SME150, תא סקטור-באלאנס, תא-תשתיות אנרגיה	2883.00	-0.07	1560.34	14:07	2885.00	2905.00	2939.00	2870.00	-2.00	-4.9	-1.6	249	53892	4135924	66		143359571
או.אר.טי	ארטכ	1086230	תא-צמיחה, תא גלובל-בלוטק, תא All-Share, מדד תא-טכנולוגיה, תא טק - עילית, תא-תעשייה	3021.00	-0.23	39.10	12:49	3028.00	3028.00	3030.00	2952.00	-7.00	-0.3	11.7	16	1303	146077	66		4824218
אוברסיז	אובר	1139617	תא-SME60, תא All-Share, תא-רימון, תא-SME150	351.90	-1.23	13.79	11:31	356.30	356.30	355.60	351.20	-4.40	-2.7	6.8	6	3912	195922	550		54987900
אוגווינד-ש	אוגנ.ש	1105907		960.00	2.13	44.81	10:15	940.00	940.00	940.00	940.00	20.00	6.7	2.3	4	843	142930	230		15205300
אודיוקודס	אודק	1082965	תא-90, תא-125, תא גלובל-בלוטק, תא All-Share, מדד תא-טכנולוגיה, תא תקשורת וטכנולוגיות מידע, תא טק - עילית, תא-רימון, תא-SME150, תא סקטור-באלאנס, תא-תעשייה	7453.00	5.24	3056.78	14:04	7082.00	7300.00	7480.00	7254.00	371.00	-8.3	-20.3	348	41249	2094082	26		29569083
אופטיבייס	אובס	1135516	תא-נדלן, תא-צמיחה, תא All-Share	4169.00		0.04	09:59	4169.00	4169.00	4169.00	4169.00		0.5	-5.7	1	1	216720	48		5198361
אופל בלאנס	אופל	1094986	מדד תא-פיננסים, תא-צמיחה, תא All-Share, תא ביטוח-פלוס	419.40	0.91	85.28	13:47	415.60	415.60	419.80	415.60	3.80	-4.9	2.8	13	20343	390272	460		93905766
אופקו הלת'	אפקו	1129543	תא-35, תא-125, מדד תא-ביומד, תא גלובל-בלוטק, תא All-Share, תא טק - עילית, תא-רימון	521.80	2.88	1094.08	14:03	507.20	515.00	526.90	515.00	14.60	-0.4	-1.5	170	209904	3375929	980		665601143
אורביט	ארביט	265017	תא-צמיחה, תא גלובל-בלוטק, תא All-Share, מדד תא-טכנולוגיה, תא טק - עילית, תא-תעשייה	917.40	3.23	85.20	13:08	888.70	888.70	920.00	888.70	28.70	-9.0	6.0	18	9289	165182	200		18586913
אורד	אורד	1104496		58.80	1.55	0.05	10:15	57.90	58.80	58.80	58.80	0.90	-0.3	10.9	1	83	54024	3400		93305830
אורון קבוצה	אורנ	1135706	תא-נדלן, תא-צמיחה, תא All-Share	307.50	1.35	2.14	12:25	303.40	303.40	307.50	303.40	4.10	-1.8	-6.3	2	696	197590	650		65125150
אוריין	אורן	1103506	תא-SME60, תא All-Share, תא-רימון, תא-SME150	2067.00	1.22	84.22	13:37	2042.00	2042.00	2197.00	2042.00	25.00	-6.2	11.1	16	4067	271070	92		13274748
אורמד פארמ	ארמד	1141324	תא-SME60, מדד תא-ביומד, תא גלובל-בלוטק, תא All-Share, תא טק - עילית, תא-רימון, תא-SME150	1809.00	0.17	30.63	13:24	1806.00	1806.00	1839.00	1801.00	3.00	1.6	5.0	6	1693	313943	110		17383359
אורמת טכנו	ארמת	1134402	תא-35, תא-125, תא גלובל-בלוטק, תא All-Share, מדד תא-טכנולוגיה, תא טק - עילית, תא-רימון, תא סקטור-באלאנס, תא-תעשייה, תא-תשתיות אנרגיה	27990.00	1.41	6276.13	14:07	27600.00	27600.00	28080.00	27600.00	390.00	-0.1	6.0	412	22511	14084736	18		51031652
אזורים	אזרם	715011	תא-90, תא-125, תא-נדלן, תא All-Share, תא-רימון, תא-SME150, תא סקטור-באלאנס	876.00	4.29	1607.51	14:03	840.00	840.00	880.00	840.00	36.00	0.8	19.9	180	187231	1770219	240		210740327
אטראו שוקי הון	אטרא	1096106	תא-SME60, מדד תא-פיננסים, תא All-Share, תא ביטוח-פלוס, תא-רימון, תא-SME150, תא סקטור-באלאנס	7169.00	1.56	1965.09	14:04	7059.00	7149.00	7189.00	7100.00	110.00	-1.9	0.7	205	27493	1039333	28		14723520
אי.אל.די.	אילד	1084003		191.20	-2.94	4.81	10:59	197.00	197.00	197.00	191.20	-5.80	5.5	3.8	7	2489	15017	1100		7622619
איביאי בית השק	אבא	175018	מדד תא-פיננסים, מדד תא-מעלה, תא-צמיחה, תא All-Share, תא ביטוח-פלוס	3701.00	-5.87	33.36	13:34	3932.00	3932.00	3737.00	3696.00	-231.00	-1.3	-1.1	13	900	497803	50		12660304
איביאי טכ עילית	אבאטכ.קט	1142538	תא-SME60, תא גלובל-בלוטק, תא All-Share, מדד תא-טכנולוגיה, תא טק - עילית, תא-רימון, תא-SME150	83.80	1.33	22.49	12:57	82.70	82.70	84.00	82.60	1.10	-4.4	4.7	6	27036	333401	2300		403144606
איי.אי מערכות	אאמש	169011		21.30	1.91	0.01	10:15	20.90	21.30	21.30	21.30	0.40	0.0	-0.9	1	50	18559	9600		88799762
איי.אפ.אפ	אפאפ	1155019	תא-35, תא-125, תא All-Share, תא-רימון, תא סקטור-באלאנס, תא-תעשייה	47210.00	2.79	2756.45	14:05	45930.00	47050.00	47250.00	46890.00	1280.00	1.5	3.7	196	5857	49042181	11		106775922
איי.סי.בי	אסב	1097054		49.80				49.80	49.80				-3.7	-28.9			13129	3900		26362524
אייאיאס	איאס	431015	תא-90, תא-125, תא All-Share, תא-רימון, תא-SME150	20130.00	0.85	1226.94	13:37	19960.00	19920.00	20500.00	19920.00	170.00	-4.6	-15.5	48	6097	1052871	10		5274904
איידיאיי ביטוח	אדבט	1129501	תא-90, תא-125, מדד תא-פיננסים, מדד תא-מעלה, מדד תל-דיב, תא All-Share, תא ביטוח-פלוס, תא-רימון, תא-SME150, תא סקטור-באלאנס	11160.00	0.90	827.39	14:02	11060.00	11270.00	11440.00	11140.00	100.00	-4.4	-12.2	87	7394	1623045	17		14674913
איילון	אילון	209015	תא-SME60, מדד תא-פיננסים, תא All-Share, תא ביטוח-פלוס, תא-SME150	1657.00	1.16	21.61	12:14	1638.00	1638.00	1675.00	1621.00	19.00	-4.3	-10.5	7	1294	298080	120		18197800
אייסקיור מדיקל	אסקמ	1122415	מדד תא-ביומד, תא-צמיחה, תא גלובל-בלוטק, תא All-Share	73.00	2.82	200.91	13:47	71.00	73.10	73.10	70.10	2.00	-1.3	-0.8	47	281320	85337	2800		120192289
אילקס מדיקל	אילקס	1080753	תא-SME60, תא All-Share, תא-רימון, תא-SME150, תא-פמילי	8575.00	0.60	352.53	13:08	8524.00	8524.00	8700.00	8523.00	51.00	-2.1	2.3	27	4065	855383	23		10035000
אימקו	אמקו	282012		1683.00	3.76	19.17	13:57	1622.00	1630.00	1683.00	1611.00	61.00	-3.2	42.0	10	1170	81254	120		5009509
אינטליקנה	אנטל	673012		202.30	-3.48	21.58	13:50	209.60	209.60	216.30	202.30	-7.30	-6.9	-0.5	9	10175	69677	890		33242998
אינטר תעשיות	אנתע	1080928		428.80		1.72	11:26	428.80	428.80	428.80	428.80		-3.0	-3.2	1	400	39823	450		9287104
אינטרגאמא	אנטר	174011		8191.00				8191.00	8191.00				-2.7	-1.3			168961	24		2062759
אינטרנט זהב	אנזהב	1083443		2608.00				2608.00	2608.00				0.0	-17.8			7303	77		280031
אינטרקיור	אנקר	1106376	תא-SME60, מדד תא-ביומד, תא גלובל-בלוטק, תא All-Share, תא טק - עילית, תא-רימון, תא-SME150	373.00	-0.98	811.03	14:02	376.70	384.00	384.00	371.00	-3.70	-2.1	1.1	142	214160	408651	520		108481848
אינפימר	אנפר	1080688		422.90				422.90	422.90				-3.1	-9.3			12745	460		3013691
אינרום	אנרם	1132356	תא-90, תא-125, מדד תל-דיב, תא All-Share, תא-רימון, תא-SME150, תא סקטור-באלאנס, תא-תעשייה	1570.00	1.95	1159.46	14:01	1540.00	1540.00	1570.00	1540.00	30.00	-3.4	2.7	145	74601	1675749	130		108814860
איסתא	אסתא	1081074	תא-90, תא-125, תא All-Share, תא-רימון, תא-SME150, תא סקטור-באלאנס	6236.00	0.13	142.92	13:49	6228.00	6228.00	6306.00	6192.00	8.00	-4.0	-4.9	43	2298	826248	31		13266668
איתמר	אתמר	1102458	תא-SME60, מדד תא-ביומד, תא גלובל-בלוטק, תא All-Share, תא טק - עילית, תא-רימון, תא-SME150	181.20	1.23	903.31	13:55	179.00	183.30	187.00	181.20	2.20	8.9	22.1	129	492168	600160	1200		335285001
אל על	אלעל	1087824	תא-SME60, מדד תא-מעלה, תא All-Share, תא-רימון, תא-SME150	93.20	0.32	522.00	13:43	92.90	92.90	94.00	92.60	0.30	-2.7	-3.5	111	559857	460523	2100		495719135
אלביט הדמיה	אלבהד	1081116		517.00	5.83	19.87	13:37	488.50	488.50	520.00	488.50	28.50	1.8	20.9	7	3872	44897	420		9190809
אלביט מדקל טכ	אלמדט	474015		96.00	-0.72	7.23	13:23	96.70	97.00	97.00	96.00	-0.70	-4.2	2.2	3	7500	223844	2000		231482933
אלביט מערכות	אלבמע	1081124	תא-35, תא-125, מדד תא-מעלה, תא גלובל-בלוטק, תא All-Share, מדד תא-טכנולוגיה, תא טק - עילית, תא-רימון, תא סקטור-באלאנס, תא-תעשייה	52160.00	0.29	14319.46	14:05	52010.00	52010.00	52390.00	51650.00	150.00	-1.9	-3.3	910	27567	22968710	9		44162103
אלגומייזר	אלמו	744011	תא-צמיחה, תא גלובל-בלוטק, תא All-Share, מדד תא-טכנולוגיה, תא-רימון	185.00	-21.81	615.70	14:06	236.60	236.60	233.40	185.00	-51.60	-5.2	-3.4	159	296594	62460	800		26398775
אלוט	אלוט	1099654	תא-90, תא-125, תא גלובל-בלוטק, תא All-Share, מדד תא-טכנולוגיה, תא טק - עילית, תא-רימון, תא-SME150, תא סקטור-באלאנס	3840.00	17.94	3379.76	14:06	3256.00	3378.00	3940.00	3327.00	584.00	-2.9	10.4	383	91718	1117165	60		34310957
אלומיי	אלומ	1082635	תא-צמיחה, תא גלובל-בלוטק, תא All-Share, מדד תא-טכנולוגיה, תא טק - עילית, תא-תשתיות אנרגיה	7073.00	2.11	726.95	13:59	6927.00	6927.00	7144.00	7001.00	146.00	-2.4	8.8	63	10291	795157	28		11479094
אלון גז	אלגז	1117688	תא-צמיחה, תא All-Share, מדד תא-נפט וגז	1873.00	4.00	7.41	12:40	1801.00	1801.00	1873.00	1801.00	72.00	-8.0	-20.6	5	401	252823	100		14037937
אלוני חץ	אלחץ	390013	תא-35, תא-125, תא-נדלן, מדד תא-מעלה, מדד תל-דיב, תא All-Share, תא-רימון, תא סקטור-באלאנס	5705.00	1.33	32786.51	14:07	5630.00	5639.00	5758.00	5639.00	75.00	-1.6	3.1	957	572677	9725429	87		172742965
אלטשולר שחם גמל	אשגפ	1159037	תא-90, תא-125, מדד תא-פיננסים, תא All-Share, תא ביטוח-פלוס, תא-רימון, תא-SME150	1307.00	2.19	4878.48	14:06	1279.00	1287.00	1317.00	1287.00	28.00	-4.6	19.6	495	373906	2449872	150		191545900
אליום מדיקל	אלמד	1101450	מדד תא-ביומד, תא-צמיחה, תא גלובל-בלוטק, תא All-Share	49.30	1.86	36.22	13:52	48.40	48.40	49.30	48.20	0.90	-5.1	-2.2	14	74593	38873	3900		80315706
אלמור חשמל	אלמר	1142454	תא-צמיחה, תא All-Share, תא-תעשייה	710.00	1.13	59.73	13:36	702.10	702.10	710.00	702.10	7.90	-4.7	2.4	22	8500	215427	270		30683300
אלספק	אלספק	1090364		281.00				281.00	281.00				-1.2	3.0			54242	700		19303336
אלקו	אלקו	694034	תא-90, תא-125, תא All-Share, תא-רימון, תא-SME150, תא-פמילי	13610.00	1.95	2498.38	13:49	13350.00	13350.00	13870.00	13350.00	260.00	-1.4	8.3	173	18345	3657912	15		27400087
אלקטרה	אלקטה	739037	תא-90, תא-125, מדד תל-דיב, תא All-Share, תא-רימון, תא-SME150, תא-פמילי	184100.00	1.71	19109.56	14:06	181000.00	183000.00	185800.00	182500.00	3100.00	-0.5	18.1	565	10357	6600619	1		3646751
אלקטרה נדלן	אלקנד	1094044	תא-90, תא-125, תא-נדלן, תא All-Share, תא-רימון, תא-SME150	2114.00	4.76	2122.92	13:58	2018.00	2018.00	2120.00	2018.00	96.00	1.0	-0.9	269	101771	1144570	100		56718060
אלקטרה צריכה	אמצ	5010129	תא-90, תא-125, מדד תא-מעלה, תא All-Share, תא-רימון, תא-SME150, תא סקטור-באלאנס	6715.00	1.22	1547.60	14:04	6634.00	6635.00	6770.00	6635.00	81.00	-3.0	3.9	212	23036	1467648	29		22123123
אלקטריאון	אלוס	368019	תא-צמיחה, תא גלובל-בלוטק, תא All-Share, מדד תא-טכנולוגיה, תא טק - עילית, תא-תשתיות אנרגיה	8942.00	3.15	629.38	13:58	8669.00	8669.00	8955.00	8669.00	273.00	3.2	25.5	74	7124	729584	24		8416016
אלרוב נדלן	אלרנד	387019	תא-נדלן, מדד תל-דיב, תא-צמיחה, תא All-Share	16490.00	2.04	107.54	13:20	16160.00	16750.00	16760.00	16330.00	330.00	-3.9	2.3	31	653	3787248	12		23435942
אלרון	אלרון	749077	תא-SME60, מדד תא-ביומד, תא גלובל-בלוטק, תא All-Share, תא טק - עילית, תא-רימון, תא-SME150	570.10	0.19	17.28	12:48	569.00	569.00	589.40	569.00	1.10	-1.7	2.0	7	3013	245043	350		43065467
אם.אר.פי	אמרפ	1083633		29.10	-1.69	5.59	13:53	29.60	29.60	29.10	29.10	-0.50	-5.4	-7.5	2	19200	42636	6400		144040761
אמות	אמות	1097278	תא-35, תא-125, תא-נדלן, מדד תל-דיב, תא All-Share, תא-רימון, תא סקטור-באלאנס	2505.00	1.17	2762.29	14:00	2476.00	2496.00	2526.00	2496.00	29.00	-1.6	-1.2	241	110179	9438562	200		381202019
אמיליה פיתוח	אמפת	589010	תא-צמיחה, תא All-Share	1291.00		13.85	11:09	1291.00	1291.00	1291.00	1291.00		-0.2	-2.6	5	1073	361400	150		27993774
אמנת	אמנת	654012	תא-צמיחה, תא All-Share	2143.00		1.99	11:32	2143.00	2143.00	2143.00	2143.00		-0.6	10.8	1	93	142561	93		6652410
אמת	אמת	382010	תא-SME60, תא גלובל-בלוטק, תא All-Share, מדד תא-טכנולוגיה, תא תקשורת וטכנולוגיות מידע, תא טק - עילית, תא-רימון, תא-SME150	1401.00	1.45	52.20	13:11	1381.00	1381.00	1429.00	1381.00	20.00	-5.9	0.8	11	3752	612049	140		44319287
אנגל שלמה	אנגלש	180018	תא-צמיחה, תא All-Share, תא-תעשייה	5326.00		5.54	13:52	5326.00	5326.00	5326.00	5326.00		6.2	9.6	2	104	285474	40		5360000
אנדימד	אנדי	1101021		236.20	2.38	8.80	10:28	230.70	230.70	241.90	236.00	5.50	-5.4	17.5	4	3692	31690	820		13736240
אנלייבקס	אנלב	1158997	תא-90, תא-125, מדד תא-ביומד, תא גלובל-בלוטק, תא All-Share, תא טק - עילית, תא-רימון, תא-SME150, תא-תעשייה	2637.00	0.73	302.69	14:04	2618.00	2618.00	2700.00	2618.00	19.00	-10.1	-11.3	58	11321	270547	69		10334126
אנלייט אנרגיה	אנלט	720011	תא-90, תא-125, תא גלובל-בלוטק, תא All-Share, מדד תא-טכנולוגיה, תא טק - עילית, תא-רימון, תא-SME150, תא סקטור-באלאנס, תא-תעשייה, תא-תשתיות אנרגיה	528.70	0.90	10753.76	14:07	524.00	531.00	538.80	527.30	4.70	-1.1	20.7	1347	2022532	3952290	380		754253754
אנליסט	אנלסט	1080613	מדד תא-פיננסים, תא-צמיחה, תא All-Share, תא ביטוח-פלוס	2111.00	0.38	34.59	13:33	2103.00	2103.00	2144.00	2103.00	8.00	-4.5	-1.0	4	1641	237384	91		11287898
אנרג'יאן	אנאג	1155290	תא-35, תא-125, תא All-Share, מדד תא-נפט וגז, תא-רימון, תא סקטור-באלאנס	3438.00	1.54	1434.49	14:05	3386.00	3427.00	3446.00	3333.00	52.00	-3.3	-19.9	178	42192	5985478	140		176771346
אנרג'יקס	אנרג	1123355	תא-90, תא-125, תא גלובל-בלוטק, תא All-Share, מדד תא-טכנולוגיה, תא טק - עילית, תא-רימון, תא-SME150, תא סקטור-באלאנס, תא-תעשייה, תא-תשתיות אנרגיה	1230.00	2.93	6025.19	14:07	1195.00	1205.00	1231.00	1200.00	35.00	-2.0	15.9	652	493234	5350384	160		447730884
אסאר אקורד	אסאק	422014	מדד תא-פיננסים, תא-צמיחה, תא All-Share, תא ביטוח-פלוס	7080.00	1.16	220.17	13:58	6999.00	7100.00	7141.00	7003.00	81.00	-2.0	21.1	33	3103	909184	28		12990203
אסטיגי	סטג	550012		1589.00				1589.00	1589.00				0.0	-2.9			69009	130		4342894
אספן גרופ	אסגר	313015	תא-SME60, תא-נדלן, מדד תא-מעלה, תא All-Share, תא-רימון, תא-SME150	790.00	0.98	41.93	12:55	782.30	782.30	790.30	782.30	7.70	-4.2	-7.3	10	5307	478397	240		61152681
אפולו פאוור	אפלפ	1082114		142.00	3.95	43.18	13:16	136.60	136.60	142.00	136.60	5.40	-11.1	9.1	11	30870	26731	1300		19569090
אפי נכסים	אפנכ	1091354	תא-90, תא-125, תא-נדלן, תא All-Share, תא-רימון, תא-SME150, תא סקטור-באלאנס	14100.00	2.40	3041.58	14:05	13770.00	14000.00	14130.00	13790.00	330.00	-2.0	-4.0	183	21883	4595343	14		33372134
אפיו אפריקה-ש	אפיו.ש	383018		176.00				176.00					0.0	0.0			2073	1100		1178001
אפליי	אפלי	363010		76.00	-1.43	8.65	13:08	77.10	79.10	79.10	75.00	-1.10	-4.0	-1.2	4	11501	13803	2500		17902742
אפקון החזקות	אפהח	578013	תא-90, תא-125, תא All-Share, תא-רימון, תא-SME150, תא סקטור-באלאנס, תא-תעשייה	14390.00	1.62	504.12	13:57	14160.00	14100.00	14510.00	14100.00	230.00	-3.1	-0.9	83	3522	716128	14		5057398
אפריקה מגורים	אפמג	1097948	תא-נדלן, תא-צמיחה, תא All-Share	11060.00	4.44	5303.57	13:52	10590.00	10590.00	11060.00	10590.00	470.00	-3.6	10.9	24	48702	1338950	18		12643536
אפריקה תעשיות	אפתש	800011		451.00				451.00					0.0	0.0			7130	440		1580931
אקויטל	אקטל	755017	תא-90, תא-125, תא All-Share, תא-רימון, תא-SME150	8864.00	1.77	4862.87	13:55	8710.00	8780.00	9000.00	8740.00	154.00	-5.4	-14.9	191	55087	3164433	22		36331037
אקס טי אל	אקסבי	1085497		5.90	3.51	17.35	11:43	5.70	5.70	5.90	5.60	0.20	14.0	21.3	10	302500	29310	40000		514205799
אקסלנז	אקסנ	1104868	מדד תא-ביומד, תא-צמיחה, תא גלובל-בלוטק, תא All-Share, תא טק - עילית	333.30	3.32	15.04	11:36	322.60	333.00	333.30	332.90	10.70	-5.3	12.5	9	4515	87365	590		27081506
אראסאל	רסל	299016		266.00	-1.66	33.65	13:00	270.50	271.00	272.00	260.90	-4.50	5.3	23.8	16	12690	27382	780		10122675
ארד	ארד	1091651	תא-90, תא-125, תא גלובל-בלוטק, תא All-Share, מדד תא-טכנולוגיה, תא טק - עילית, תא-רימון, תא-SME150, תא סקטור-באלאנס, תא-תעשייה	6116.00	1.11	662.24	13:50	6049.00	6192.00	6198.00	6061.00	67.00	-4.8	0.6	129	10803	1495962	31		24730728
ארית תעשיות	ארית	587014	תא-צמיחה, תא גלובל-בלוטק, תא All-Share, מדד תא-טכנולוגיה, תא טק - עילית, תא-רימון, תא-תעשייה	152.90	0.46	70.15	12:55	152.20	152.00	153.00	151.90	0.70	-2.8	-1.8	10	45945	147017	1300		96594687
ארן	ארן	1085265	תא-צמיחה, תא All-Share	1351.00				1351.00	1351.00				0.0	0.4			66005	150		4885641
ארנה גרופ	ארנה	366013		4.90		6.43	13:52	4.90	5.10	5.10	4.90		-15.5	-24.6	5	128422	69626	34000		1420940503
ארפורט סיטי	ארפט	1095835	תא-35, תא-125, תא-נדלן, תא All-Share, תא-רימון, תא סקטור-באלאנס	6067.00	1.59	4123.57	14:05	5972.00	5990.00	6093.00	5981.00	95.00	-1.9	-7.9	349	68202	7852546	82		131489390
ארקו החזקות	ארקו	310011	תא-90, תא-125, תא All-Share, תא-רימון, תא-SME150, תא סקטור-באלאנס, תא-תשתיות אנרגיה	138.00	-0.50	426.74	14:07	138.70	141.90	143.90	137.40	-0.70	-2.6	-17.4	68	306609	1054597	1400		760343648
אשטרום נכסים	אשנכ	251017	תא-90, תא-125, תא-נדלן, מדד תל-דיב, תא All-Share, תא-רימון, תא-SME150, תא-פמילי	2130.00	1.28	426.81	14:01	2103.00	2121.00	2133.00	2109.00	27.00	-4.2	-4.8	70	20138	1823897	91		86728319
אשטרום קבוצה	אשקב	1132315	תא-90, תא-125, תא-נדלן, מדד תל-דיב, תא All-Share, תא-רימון, תא-SME150, תא סקטור-באלאנס, תא-פמילי	4776.00	2.49	4504.22	14:05	4660.00	4730.00	4880.00	4720.00	116.00	-9.6	-9.9	481	93973	3848582	39		82587598
ב.יאיר	ביאר	1097229	תא-נדלן, תא-צמיחה, תא All-Share	1389.00				1389.00	1389.00				1.4	-0.7			87218	150		6279173
באטמ	באטמ	1158823	תא-90, תא-125, תא גלובל-בלוטק, תא All-Share, מדד תא-טכנולוגיה, תא טק - עילית, תא-רימון, תא-SME150	199.90	-2.68	477.95	13:52	205.40	203.30	209.00	197.20	-5.50	2.4	19.4	114	235748	898171	1000		437279074
בבילון	בביל	1101666	תא-צמיחה, תא All-Share	251.30	1.25	378.23	14:02	248.20	248.20	259.80	248.20	3.10	-4.5	16.3	54	148633	129471	770		52163964
בונוס ביוגרופ	בונס	485011	תא-SME60, מדד תא-ביומד, תא גלובל-בלוטק, תא All-Share, תא טק - עילית, תא-רימון, תא-SME150	37.80	-1.31	134.60	14:04	38.30	37.50	38.90	37.50	-0.50	-5.2	-13.9	23	356506	322282	5000		841467122
בוני תיכון-ס	בנתכ-ס	531012		803.70				803.70	803.70				-1.0	34.0			120727	250		15021402
בזן	בזן	2590248	תא-35, תא-125, מדד תא-מעלה, מדד תל-דיב, תא All-Share, תא-רימון, תא סקטור-באלאנס, תא-תשתיות אנרגיה	140.80	-1.40	5362.98	14:07	142.80	144.00	144.60	140.30	-2.00	-6.2	-17.6	486	3783905	4577758	3300		3205713154
בזק	בזק	230011	תא-35, תא-125, מדד תל-דיב, תא All-Share, תא תקשורת וטכנולוגיות מידע, תא-רימון, תא סקטור-באלאנס	259.90	0.46	4418.19	14:07	258.70	259.00	263.00	259.00	1.20	-3.4	-6.8	389	1692006	7154312	1900		2765485753
בי קומיונקיישנס	בקומ	1107663	תא-צמיחה, תא All-Share, תא תקשורת וטכנולוגיות מידע, תא-רימון	504.10	0.24	296.45	13:54	502.90	503.00	511.70	503.00	1.20	-6.2	-19.8	81	58627	584956	370		116316563
בי.ג'י.איי-ש	בגאי-ש	1092709		50.80				50.80	50.80				-3.6	-33.9			18680	3800		36772461
ביג	ביג	1097260	תא-90, תא-125, תא-נדלן, מדד תל-דיב, תא All-Share, תא-רימון, תא-SME150, תא סקטור-באלאנס, תא-פמילי	38880.00	2.86	2464.19	14:05	37800.00	37990.00	38980.00	37990.00	1080.00	-3.1	12.7	275	6364	5586404	5		14778847
ביו ויו	בויו	1096049	מדד תא-ביומד, תא-צמיחה, תא גלובל-בלוטק, תא All-Share	287.70	2.46	31.33	12:14	280.80	280.80	294.10	280.80	6.90	-3.7	-7.6	10	10802	39928	690		14219468
ביולייט	בולט	1095223		879.00	-2.55	3.38	11:13	902.00	902.00	879.00	879.00	-23.00	-2.5	8.2	1	385	40977	220		4542901
ביוליין	ביול	1101518	תא-SME60, מדד תא-ביומד, תא גלובל-בלוטק, תא All-Share, תא טק - עילית, תא-רימון, תא-SME150	54.70	3.80	14.24	13:04	52.70	52.10	54.70	52.10	2.00	-5.0	-2.0	8	26878	93284	3600		177008993
בינלאומי	בנלמ	593038	תא-35, תא-125, מדד תא-פיננסים, תא בנקים-5, מדד תל-דיב, תא All-Share, תא-רימון, תא סקטור-באלאנס	9607.00	1.56	6274.65	14:07	9459.00	9459.00	9607.00	9459.00	148.00	-2.3	-5.3	472	65892	9490218	52		100330040
בירמן	ברמן	530014	תא-צמיחה, תא All-Share, תא-תעשייה	1146.00	-0.35	2.95	11:52	1150.00	1175.00	1175.00	1146.00	-4.00	-2.5	2.7	3	257	126497	170		10999781
בית הזהב	בזהב	235010	תא-נדלן, תא-צמיחה, תא All-Share, תא-רימון	1528.00	4.80	12.24	13:05	1458.00	1458.00	1528.00	1458.00	70.00	-2.3	-2.5	6	821	226975	130		15567585
בית שמש	מנבש	1081561	תא-90, תא-125, תא All-Share, תא-רימון, תא-SME150, תא סקטור-באלאנס, תא-תעשייה	13130.00	0.15	986.98	14:07	13110.00	13250.00	13260.00	13000.00	20.00	-7.0	-3.2	131	7508	1160049	14		8848582
בראק אן וי	ברקא	1121607	תא-90, תא-125, תא-נדלן, תא All-Share, תא-רימון, תא-SME150, תא סקטור-באלאנס	32810.00	1.64	538.24	13:19	32280.00	32280.00	33870.00	31940.00	530.00	-3.1	-8.8	96	1619	2495526	6		7730875
בריינסוויי	ברינ	1100718	תא-SME60, מדד תא-ביומד, תא גלובל-בלוטק, תא All-Share, תא טק - עילית, תא-רימון, תא-SME150	1879.00	0.91	169.59	13:47	1862.00	1900.00	1900.00	1863.00	17.00	-3.8	10.8	31	9032	414239	100		22246979
בריל	בריל	399014		580.00				580.00	580.00				0.0	0.0			34989	340		6032544
ברימאג	ברמג	1094283	תא-צמיחה, תא All-Share	1271.00	-2.38	14.30	13:53	1302.00	1302.00	1290.00	1271.00	-31.00	-1.4	-4.1	7	1117	131652	150		10111511
ברם תעשיות	ברם	1094515	תא-צמיחה, תא All-Share, תא-תעשייה	328.30				328.30	328.30				-0.7	7.6			66911	610		20381023
ברן	ברן	286013	תא-צמיחה, תא All-Share	311.00	0.10	8.65	11:00	310.70	310.70	311.10	311.00	0.30	-2.7	-17.2	3	2782	61865	630		19911501
ברנד	ברנד	536011	תא-צמיחה, תא All-Share, תא-תעשייה	506.00	0.72	10.56	10:17	502.40	502.40	506.00	502.40	3.60	-1.5	-4.8	4	2102	86677	390		17252541
ברנמילר	ברנמ	1141530		325.40	-2.98	28.11	12:53	335.40	335.40	332.00	325.40	-10.00	-7.0	25.9	13	8511	51730	550		15423331
גאון אחזקות	גאון	1104744		4486.00				4486.00	4486.00				0.0	-1.6			119778	45		2670048
גאון קבוצה	גנקב	454017	תא-צמיחה, תא All-Share, תא-תעשייה	498.20				498.20	498.20				0.0	1.9			227501	400		45664604
גב ים	גבים	759019	תא-90, תא-125, תא-נדלן, מדד תל-דיב, תא All-Share, תא-רימון, תא-SME150, תא סקטור-באלאנס	291800.00	0.62	4828.71	14:00	290000.00	292900.00	296300.00	291000.00	1800.00	4.7	9.3	245	1647	6196590	1		2136755
גבאי מניבים	גבמנ	771014		2879.00				2879.00					0.0	0.0			155987	69		5418096
גבעות     יהש	גבעות	506022		18.40	0.55	159.94	14:05	18.30	19.00	19.00	18.30	0.10	-6.2	-3.7	38	864660	193413	10000		1056903165
גדסדן נכסים-ס	גדס-ס	1126226		139.30				139.30					0.0	0.0			5773	1400		4144587
גו.די.אם-ש	גודמ-ש	494013		28.80	10.34	0.00	10:15	26.10	28.80	28.80	28.80	2.70	-8.7	-5.4	1	2	10001	7000		38316267
גולד	גולד	149013	תא-צמיחה, תא All-Share	10600.00	-0.84	4.13	10:07	10690.00	10690.00	10600.00	10600.00	-90.00	-1.0	-1.7	1	39	431392	19		4035468
גולן פלסטיק	גלפל	1091933	תא-צמיחה, תא All-Share, תא-תעשייה	734.00	11.77	4.41	10:47	656.70	656.70	734.00	656.70	77.30	-3.0	-5.4	3	635	224800	300		34231838
גולף	גולף	1096148	תא-צמיחה, תא All-Share	270.90	0.71	118.22	13:27	269.00	269.00	273.00	268.00	1.90	-1.7	29.6	20	43589	123092	730		45758937
גזית גלוב	גלוב	126011	תא-35, תא-125, תא-נדלן, מדד תא-מעלה, מדד תל-דיב, תא All-Share, תא-רימון, תא סקטור-באלאנס, תא-פמילי	4006.00	1.75	16614.95	14:07	3937.00	3938.00	4038.00	3938.00	69.00	-1.8	3.0	507	413193	7263075	120		184482470
ג'י וואן	גואנ	1156280	תא-SME60, תא All-Share, תא-רימון, תא-SME150	678.10	2.74	32.29	13:35	660.00	660.00	680.60	653.30	18.10	-2.2	-6.0	15	4847	524798	300		79514900
ג'י.אף.סי-ס	גפסי-ס	1122688		988.50				988.50	988.50				0.0	3.0			100189	200		10135434
ג'י.פי גלובל	גפגב	1144781	תא-צמיחה, תא All-Share, תא-תשתיות אנרגיה	928.70		0.21	09:59	928.70	928.70	928.70	928.70		-3.2	7.8	1	23	186846	210		20119098
גיבוי אחזקות	גיבו	448019		3499.00	4.92	10.03	14:05	3335.00	3335.00	3499.00	3335.00	164.00	-2.2	134.0	4	295	214986	59		6446343
גילת	גילת	1082510	תא-90, תא-125, תא גלובל-בלוטק, תא All-Share, מדד תא-טכנולוגיה, תא תקשורת וטכנולוגיות מידע, תא טק - עילית, תא-רימון, תא-SME150, תא סקטור-באלאנס, תא-תעשייה	3288.00	-0.09	5398.85	13:59	3291.00	3291.00	3348.00	3238.00	-3.00	1.4	20.5	231	163346	1815846	62		55176107
גלוב אקספ יהש	גלאק	1119833		184.40	3.77	1.04	10:15	177.70	184.40	184.40	184.40	6.70	-7.7	-8.8	2	562	30251	1000		17023441
גלובל כנפיים	גלכנ	1141316	תא-צמיחה, תא All-Share, תא-רימון	151.70				151.70	151.70				-0.5	1.5			183053	1300		120667781
גלוברנדס	גלרס	1147487	תא-SME60, תא All-Share, תא-רימון, תא-SME150	35200.00	1.32	114.05	13:19	34740.00	34740.00	35200.00	34740.00	460.00	-3.0	-4.0	11	325	408542	6		1176000
גלילאו טק	גלטק	1081983		48.50	1.89	13.81	14:07	47.60	49.30	49.30	47.00	0.90	-8.1	-13.9	7	29051	10331	3900		21703740
גן שמואל	גנשמ	532010	תא-צמיחה, תא All-Share, תא-תעשייה	2455.00	0.74	28.56	12:24	2437.00	2437.00	2456.00	2437.00	18.00	-1.3	-5.0	4	1164	386078	81		15842352
גניגר	גנגר	1095892	תא-SME60, תא All-Share, תא-רימון, תא-SME150, תא-תעשייה	1598.00	0.25	19.14	12:22	1594.00	1594.00	1599.00	1594.00	4.00	-4.0	-10.8	7	1198	241965	120		15179767
ג'נריישן קפיטל	גנרש	1156926	תא-SME60, תא All-Share, תא-רימון, תא-SME150	94.00	0.32	1277.12	14:06	93.70	93.70	95.00	93.70	0.30	-1.2	6.5	54	1358198	883931	2100		943362601
דולומיט אחז	דלמט	770016		49.90	10.89	0.89	10:15	45.00	44.50	44.50	44.50	4.90	-0.7	166.9	1	4400	35908	4400		79795349
דוניץ	דונץ	400010	תא-SME60, תא-נדלן, תא All-Share, תא-רימון, תא-SME150, תא-פמילי	12680.00	0.88	214.00	14:06	12570.00	12570.00	13010.00	12570.00	110.00	-4.3	0.6	37	1671	643974	15		5123103
דור אלון	דראל	1093202	תא-90, תא-125, מדד תא-מעלה, תא All-Share, תא-רימון, תא-SME150, תא סקטור-באלאנס, תא-תשתיות אנרגיה	9216.00	2.51	2673.91	13:47	8990.00	8990.00	9494.00	8990.00	226.00	0.3	8.9	110	28744	1427416	22		15877822
דורסל	דרסל	1096676	תא-נדלן, תא-צמיחה, תא All-Share	1350.00				1350.00	1350.00				-3.4	-3.2			304472	140		22553464
די.אן.איי ביומד	דאנא	1103852		87.70				87.70	87.70				3.3	28.8			26538	2400		30259571
דיסקונט	דסקנט	691212	תא-35, תא-125, מדד תא-פיננסים, מדד תא-מעלה, תא בנקים-5, תא All-Share, תא-רימון, תא סקטור-באלאנס	1556.00	1.10	23505.44	14:07	1539.00	1540.00	1560.00	1537.00	17.00	-2.2	-3.9	1075	1517272	17914222	320		1164016993
דיסקונט השקעות	דסקש	639013	תא-צמיחה, תא All-Share	617.00	2.83	141.66	13:18	600.00	600.00	618.20	599.90	17.00	-6.4	1.3	46	23239	849135	310		141522567
דלק קבוצה	דלקקב	1084128	תא-35, תא-125, מדד תל-דיב, תא All-Share, תא-רימון	41590.00	1.19	17690.40	14:07	41100.00	41500.00	42770.00	40730.00	490.00	-8.0	-21.7	1215	42339	4925258	11		11983595
דלק קידוחים יהש	דלקד	475020	תא-35, תא-125, תא All-Share, מדד תא-נפט וגז, תא-רימון, תא סקטור-באלאנס	658.00	-1.51	12289.24	14:05	668.10	675.00	685.00	652.00	-10.10	-8.7	-23.7	976	1824832	7842256	680		1173814691
דלק רכב	דלקרכ	829010	תא-90, תא-125, מדד תל-דיב, תא All-Share, תא-רימון, תא-SME150, תא סקטור-באלאנס	2028.00	0.65	333.46	13:37	2015.00	1999.00	2063.00	1999.00	13.00	-2.4	-9.2	69	16358	1877999	97		93200959
דלק תמלוגים	דלתמ	1129493	תא-SME60, תא All-Share, מדד תא-נפט וגז, תא-רימון, תא-SME150	767.90	0.44	29.17	13:37	764.50	764.50	780.10	764.50	3.40	-0.5	-10.7	12	3756	152908	260		20001000
דלתא	דלתא	627034	תא-90, תא-125, מדד תא-מעלה, תא All-Share, תא-רימון, תא-SME150, תא סקטור-באלאנס, תא-תעשייה	8500.00	-2.41	1046.69	13:57	8710.00	8600.00	8700.00	8500.00	-210.00	-4.0	-7.5	129	12171	2222419	22		25515715
דמרי	דמרי	1090315	תא-90, תא-125, תא-נדלן, תא All-Share, תא-רימון, תא-SME150, תא סקטור-באלאנס, תא-פמילי	11190.00		2025.64	13:43	11190.00	11400.00	11400.00	11080.00		-2.5	10.4	192	18122	2093411	17		18707871
דן מלונות	דן	822015		2706.00				2706.00	2706.00				-2.7	-4.0			3128112	72		115599112
דנאל	דנאל	314013	תא-90, תא-125, מדד תל-דיב, תא All-Share, תא-רימון, תא-SME150, תא סקטור-באלאנס	31810.00	-0.66	2953.51	14:05	32020.00	32200.00	32700.00	31400.00	-210.00	-1.6	-0.4	243	9345	1704901	6		5324487
דקמא קפיטל	דקמא	1116177		61.10	-2.24	3.74	10:15	62.50	61.10	61.10	61.10	-1.40	0.0	7.8	2	6115	42913	3200		68660683
הבורסה לניע בתא	ברסה	1159029	תא-90, תא-125, מדד תא-פיננסים, תא All-Share, תא ביטוח-פלוס, תא-רימון, תא-SME150	1267.00	2.34	522.18	14:03	1238.00	1238.00	1269.00	1225.00	29.00	0.0	5.8	113	41564	1238000	160		100000000
הדסית ביו	הדסת	1095405		342.70	2.51	3.28	11:58	334.30	342.40	342.70	342.40	8.40	-5.3	-9.7	3	956	36949	570		11052657
הולמס פלייס	הלמס	1142587	תא-צמיחה, תא All-Share, תא-רימון	459.80	2.36	2.07	09:59	449.20	459.80	459.80	459.80	10.60	-2.6	-2.1	3	450	335986	430		74796542
הזדמנות יהש	הזיש	1119924	תא-צמיחה, תא All-Share, מדד תא-נפט וגז	63.10	-2.17	125.10	14:05	64.50	64.20	67.80	63.10	-1.40	-10.2	-21.3	45	194852	26446	2800		41001425
הכשרה התחדשות	הכשע	1121474		127.30		2.39	11:39	127.30	127.30	127.30	127.30		-0.5	-3.0	2	1875	33075	1600		25981698
הכשרת הישוב	הכשרה	612010	תא-90, תא-125, תא-נדלן, תא All-Share, תא-רימון, תא-SME150, תא-פמילי	4830.00	3.21	1812.77	14:03	4680.00	4680.00	4830.00	4680.00	150.00	-0.2	3.5	190	37776	1597920	43		34143588
הלמן אלדובי השק	הלהש	1094622	מדד תא-פיננסים, תא-צמיחה, תא All-Share, תא ביטוח-פלוס	419.00	1.92	13.91	12:39	411.10	411.10	419.00	418.90	7.90	-1.6	-15.5	2	3320	139834	480		34014526
המלט	המלט	1080324	תא-90, תא-125, מדד תל-דיב, תא All-Share, תא-רימון, תא-SME150, תא סקטור-באלאנס, תא-תעשייה	6050.00	0.53	485.31	14:03	6018.00	6018.00	6063.00	5880.00	32.00	-3.6	-9.5	80	8090	845157	32		14043817
המשביר 365	משבי	1104959	תא-צמיחה, תא All-Share	46.70	4.94	0.09	09:59	44.50	44.50	46.70	44.50	2.20	-3.9	-6.1	2	200	77806	4300		174844779
הפניקס	פנקס	767012	תא-35, תא-125, מדד תא-פיננסים, מדד תא-מעלה, תא All-Share, תא ביטוח-פלוס, תא-רימון, תא סקטור-באלאנס	1861.00	0.87	2336.39	14:06	1845.00	1850.00	1879.00	1850.00	16.00	-2.7	-11.6	318	125152	4726028	260		256153253
הראל השקעות	הראל	585018	תא-35, תא-125, מדד תא-פיננסים, מדד תא-מעלה, מדד תל-דיב, תא All-Share, תא ביטוח-פלוס, תא-רימון, תא סקטור-באלאנס, תא-פמילי	2366.00	0.72	3707.36	14:07	2349.00	2360.00	2394.00	2354.00	17.00	-0.5	-12.8	382	155805	5035757	210		214378773
וואיטסטון	ווטס	1082346		722.80	-1.00	53.79	13:28	730.10	745.00	745.00	722.80	-7.30	-2.2	36.9	7	7248	10918	270		1495454
וואן טכנולוגיות	וואן	161018	תא-90, תא-125, תא גלובל-בלוטק, תא All-Share, מדד תא-טכנולוגיה, תא תקשורת וטכנולוגיות מידע, תא טק - עילית, תא-רימון, תא-SME150, תא סקטור-באלאנס	25570.00	2.36	729.72	14:04	24980.00	24980.00	25650.00	24930.00	590.00	-7.1	-5.4	160	2885	1696995	7		6793416
וויטסמוק	וסמק	216010		50.70	3.26	29.94	12:22	49.10	50.00	50.70	47.70	1.60	7.4	5.8	14	60345	18780	4400		38248139
וויי בוקס	ובקס	486027	תא-נדלן, תא-צמיחה, תא All-Share	76.90	1.99	3.00	10:49	75.40	75.40	76.90	75.40	1.50	-2.6	3.3	3	3902	148301	2600		196686093
וונטייז	ונטז	1138676		18.00				18.00					0.0	0.0			8063	11000		44794533
ויז'ן סיגמא	ויזן	350017		4755.00	-2.20	0.10	13:45	4862.00	4862.00	4755.00	4755.00	-107.00	-7.2	18.6	1	2	63618	38		1308483
ויטלה קפיטל-ש	וטלק-ש	824011		73.30				73.30					0.0	0.0			10219	2700		13940918
וילאר	ולאר	416016	תא-נדלן, תא-צמיחה, תא All-Share	13300.00	-0.82	40.13	13:00	13410.00	13410.00	13430.00	13300.00	-110.00	-3.1	-1.8	7	300	2381969	14		17762630
וילי פוד	ולפוד	371013	תא-צמיחה, תא All-Share, תא-רימון	2840.00	1.25	58.54	13:50	2805.00	2805.00	2850.00	2805.00	35.00	-4.7	-12.3	5	2066	373315	68		13308903
ויקטורי	וקטר	1123777	תא-90, תא-125, תא All-Share, תא-רימון, תא-SME150, תא-פמילי	5629.00	0.36	228.15	14:05	5609.00	5561.00	5671.00	5561.00	20.00	-3.1	-2.4	60	4063	811457	35		14467059
ויתניה	ותנה	1109966	תא-SME60, תא-נדלן, תא All-Share, תא-רימון, תא-SME150, תא-פמילי	2819.00	1.11	428.17	13:31	2788.00	2788.00	2825.00	2796.00	31.00	-1.4	17.5	47	15206	1312401	71		47073200
זנלכל	זנכל	130013	תא-צמיחה, תא All-Share, תא-תעשייה	1722.00				1722.00	1722.00				0.8	-5.1			249801	120		14506455
חברה לישראל	חל	576017	תא-35, תא-125, תא All-Share, תא-רימון	54860.00	-0.96	3241.35	14:06	55390.00	56100.00	56100.00	54420.00	-530.00	-7.8	-22.7	355	5874	4264181	8		7698467
חג'ג'	חגג	823013	תא-SME60, תא-נדלן, תא All-Share, תא-רימון, תא-SME150, תא-פמילי	1196.00	2.57	72.59	13:24	1166.00	1155.00	1219.00	1155.00	30.00	-5.1	-9.5	19	6053	603814	160		51785045
חד	חד	351015	תא-צמיחה, תא All-Share, תא-תעשייה	1601.00	-1.90	50.85	12:12	1632.00	1632.00	1602.00	1581.00	-31.00	-5.1	-0.1	10	3176	200581	120		12290500
חילן	חילן	1084698	תא-90, תא-125, מדד תל-דיב, תא גלובל-בלוטק, תא All-Share, מדד תא-טכנולוגיה, תא תקשורת וטכנולוגיות מידע, תא טק - עילית, תא-רימון, תא-SME150, תא סקטור-באלאנס	14080.00	1.29	2300.12	14:07	13900.00	13900.00	14390.00	13900.00	180.00	-1.2	0.0	278	16318	3130652	14		22522677
חירון	חרון	150011	תא-צמיחה, תא All-Share	172500.00				172500.00	172500.00				-2.0	-4.6			851865	1		493835
חלל תקשורת	חלל	1092345	תא-צמיחה, תא All-Share, תא תקשורת וטכנולוגיות מידע, תא-רימון	760.60	-0.33	65.84	13:54	763.10	763.10	784.90	760.60	-2.50	-6.1	-27.3	26	8522	184094	250		24124530
חממה סחר	חממה	1104785		260.00				260.00	260.00				0.0	0.6			36886	770		14186753
חמת	חמת	384016	תא-SME60, תא All-Share, תא-רימון, תא-SME150, תא-תעשייה	1372.00	-0.36	164.98	13:42	1377.00	1377.00	1378.00	1359.00	-5.00	1.0	3.8	19	11986	476999	150		34640428
חנן מור	חנמר	1102532	תא-נדלן, תא-צמיחה, תא All-Share	2772.00	3.82	42.94	13:52	2670.00	2670.00	2772.00	2700.00	102.00	-1.7	-8.1	11	1556	370839	74		13889096
טאואר	טאואר	1082379	תא-35, תא-125, תא גלובל-בלוטק, תא All-Share, מדד תא-טכנולוגיה, תא טק - עילית, תא-רימון, תא סקטור-באלאנס, תא-תעשייה	7622.00	0.59	6036.38	14:01	7577.00	7640.00	7709.00	7602.00	45.00	-4.0	-8.2	484	79057	8092848	63		106808072
טבע	טבע	629014	תא-35, תא-125, מדד תא-ביומד, מדד תא-מעלה, מדד תל-דיב, תא גלובל-בלוטק, תא All-Share, תא-רימון, תא סקטור-באלאנס, תא-תעשייה	3930.00	6.13	40692.65	14:07	3703.00	3859.00	3955.00	3850.00	227.00	5.1	8.2	2136	1045003	40440071	140		1092089421
טוגדר	טגדר	462010	מדד תא-ביומד, תא-צמיחה, תא גלובל-בלוטק, תא All-Share, תא-תעשייה	312.60	-1.17	181.03	14:02	316.30	316.30	322.30	312.60	-3.70	-1.6	-1.4	46	56707	176130	620		55684521
טופ מערכות	טופמע	1083377		353.00	2.20	57.59	13:22	345.40	353.00	353.00	352.00	7.60	-9.0	-4.0	6	16319	73182	530		21187619
טיב טעם	טטעמ	103010	תא-SME60, תא All-Share, תא-רימון, תא-SME150	266.00	1.14	54.48	13:54	263.00	267.00	267.00	256.00	3.00	-3.9	6.3	15	20599	274223	730		104267472
טכנופלס ונצרס	טכפצר	1083419		130.00	-1.89	4.76	12:34	132.50	132.50	135.50	130.00	-2.50	1.3	11.7	2	3600	24502	1500		18492145
טלדור	טלדר	477018	תא-צמיחה, תא גלובל-בלוטק, תא All-Share, מדד תא-טכנולוגיה, תא תקשורת וטכנולוגיות מידע, תא טק - עילית, תא-רימון	1998.00	1.06	203.44	13:40	1977.00	1977.00	1998.00	1977.00	21.00	-3.0	13.9	7	10188	218094	98		11031549
טלסיס	טלסיס	354019	תא-SME60, תא All-Share, תא-רימון, תא-SME150	7726.00	0.39	88.37	13:49	7696.00	7700.00	7765.00	7672.00	30.00	-5.0	-4.8	14	1146	489401	25		6359165
טלרד נטוורקס	טלרד	1140953	תא-צמיחה, תא גלובל-בלוטק, תא All-Share, מדד תא-טכנולוגיה, תא תקשורת וטכנולוגיות מידע, תא-תעשייה	120.10	1.61	12.01	13:35	118.20	118.20	123.20	118.20	1.90	-3.8	0.2	8	9923	61421	1600		51963740
יוחננוף	יחנפ	1161264		17940.00	0.67	340.31	11:59	17820.00	17820.00	18000.00	17820.00	120.00	-0.6	1.7	51	1900	2263623	11		12702710
יוטרון	יטרנ	1157114	תא-צמיחה, תא גלובל-בלוטק, תא All-Share, מדד תא-טכנולוגיה, תא טק - עילית, תא-תעשייה	904.30	-0.75	8.19	11:06	911.10	911.10	911.10	904.30	-6.80	-6.2	12.2	5	904	144221	210		15829312
יונט קרדיט	ינקר	1080605		2634.00	-2.12	26.96	13:25	2691.00	2691.00	2650.00	2628.00	-57.00	-4.2	-10.3	6	1022	119984	71		4458724
יוניבו	יונב	1093558	מדד תא-ביומד, תא-צמיחה, תא גלובל-בלוטק, תא All-Share, תא-רימון, תא-תעשייה	305.20	-0.72	633.78	13:53	307.40	314.90	320.00	302.00	-2.20	-3.4	-0.1	96	204617	80674	630		26243842
יוניטרוניקס	יונט	1083831	תא-צמיחה, תא גלובל-בלוטק, תא All-Share, מדד תא-טכנולוגיה, תא טק - עילית, תא-תעשייה	1199.00	1.70	2.04	10:50	1179.00	1179.00	1199.00	1199.00	20.00	-2.7	-7.4	1	170	162140	170		13752312
יעקובי קבוצה	יעקב	1142421	תא-נדלן, תא-צמיחה, תא All-Share	43.70	2.58	3.76	13:12	42.60	42.60	43.70	42.60	1.10	-3.4	-0.7	2	8616	56741	4500		133193700
יצוא	יצוא	704015	תא-צמיחה, תא All-Share	2171.00	-0.82	4.34	14:05	2189.00	2189.00	2171.00	2171.00	-18.00	-2.7	-1.4	2	200	247150	89		11290562
ירושלים	ירשם	726018	מדד תא-פיננסים, תא-צמיחה, תא All-Share	870.00	-0.56	9.18	10:33	874.90	874.90	870.00	866.10	-4.90	-3.6	1.8	2	1055	616960	220		70517741
ישראכרט	ישכט	1157403	תא-90, תא-125, מדד תא-פיננסים, תא All-Share, תא ביטוח-פלוס, תא-רימון, תא-SME150, תא סקטור-באלאנס	1158.00	-2.28	3955.56	14:06	1185.00	1190.00	1200.00	1156.00	-27.00	-7.1	-8.2	366	337321	2370000	160		200000000
ישראל קנדה	ישקנ	434019	תא-90, תא-125, תא-נדלן, תא All-Share, תא-רימון, תא-SME150, תא סקטור-באלאנס	762.80	1.36	3013.05	14:04	752.60	762.00	764.80	754.00	10.20	-5.8	-5.7	404	395481	1917110	250		254731589
ישראמקו     יהש	ישרמק	232017	תא-90, תא-125, מדד תל-דיב, תא All-Share, מדד תא-נפט וגז, תא-רימון, תא-SME150, תא סקטור-באלאנס	46.10	-1.91	4516.68	14:06	47.00	47.10	47.40	45.60	-0.90	-6.0	-21.7	411	9646548	2435030	4000		5180914025
ישרוטל	ישרטל	1080985		5500.00	2.04	0.11	10:15	5390.00	5500.00	5500.00	5500.00	110.00	-1.9	1.6	1	2	3015210	36		55940813
ישרס	ישרס	613034	תא-90, תא-125, תא-נדלן, מדד תל-דיב, תא All-Share, תא-רימון, תא-SME150, תא סקטור-באלאנס	79740.00	0.76	416.40	13:41	79140.00	79140.00	80890.00	79140.00	600.00	-2.5	4.1	75	520	4276643	2		5403896
כהן פיתוח	כהנפת	810010	תא-SME60, תא All-Share, מדד תא-נפט וגז, תא-רימון, תא-SME150	6599.00	1.90	50.16	12:40	6476.00	6476.00	6624.00	6434.00	123.00	-5.7	-15.8	14	772	426160	29		6580600
כיטוב פארמה	כטוב	765016	מדד תא-ביומד, תא-צמיחה, תא גלובל-בלוטק, תא All-Share	249.80	0.85	56.57	13:53	247.70	256.00	256.00	241.80	2.10	-5.7	-2.8	28	23047	75433	760		30453282
כיל	כיל.	281014	תא-35, תא-125, מדד תא-מעלה, מדד תל-דיב, תא All-Share, תא-רימון, תא סקטור-באלאנס, תא-תעשייה	1358.00	-1.24	12842.27	14:06	1375.00	1379.00	1384.00	1356.00	-17.00	-5.9	-15.4	1052	938966	17606203	340		1280451147
כלל ביוטכנו	כללבי	1104280	תא-SME60, מדד תא-ביומד, תא גלובל-בלוטק, תא All-Share, תא טק - עילית, תא-רימון, תא-SME150	101.00	-0.39	69.18	13:59	101.40	101.40	102.80	101.00	-0.40	-2.9	-22.5	24	67800	163493	1900		161235781
כלל משקאות	כלמש	1147685	תא-SME60, תא All-Share, תא-רימון, תא-SME150, תא-תעשייה	4249.00	0.93	23.47	12:08	4210.00	4210.00	4251.00	4210.00	39.00	-2.7	-2.1	6	553	421000	46		10000000
כלל עסקי ביטוח	כללבט	224014	תא-90, תא-125, מדד תא-פיננסים, מדד תא-מעלה, תא All-Share, תא ביטוח-פלוס, תא-רימון, תא-SME150, תא סקטור-באלאנס	4288.00	0.66	3973.12	14:07	4260.00	4300.00	4342.00	4280.00	28.00	-3.0	-17.9	459	92137	2881671	46		67644867
כן פייט ביופרמה	כנפב	1094473	מדד תא-ביומד, תא-צמיחה, תא גלובל-בלוטק, תא All-Share	26.00	0.78	92.83	14:07	25.80	25.50	26.00	25.50	0.20	-4.8	-31.0	26	358210	36876	7400		142931223
כנפיים	כנפים	543017	תא-צמיחה, תא All-Share, תא-רימון	1463.00		5.53	10:18	1463.00	1463.00	1463.00	1463.00		-2.9	2.8	2	378	238356	130		16292254
כפרית	כפרת	522011	תא-SME60, תא All-Share, תא-רימון, תא-SME150, תא-תעשייה	1411.00	-0.21	4.58	12:07	1414.00	1414.00	1414.00	1411.00	-3.00	-5.8	-2.8	2	324	336361	130		23787879
כרמית	כרמת	440016		1700.00	-3.52	10.69	13:52	1762.00	1762.00	1750.00	1700.00	-62.00	-1.8	35.3	4	618	98436	110		5586610
לאומי	לאומי	604611	תא-35, תא-125, מדד תא-פיננסים, מדד תא-מעלה, תא בנקים-5, מדד תל-דיב, תא All-Share, תא-רימון, תא סקטור-באלאנס	2457.00	-0.04	29433.79	14:07	2458.00	2469.00	2475.00	2451.00	-1.00	-1.4	-2.2	1097	1194339	36038976	200		1466191030
להב	להב	136010		234.00	-2.17	3089.42	14:00	239.20	240.00	242.60	233.50	-5.20	-9.3	0.4	401	1303036	220927	760		92360755
לודזיה	לודז	753012		2490.00	4.67	22.10	13:29	2379.00	2379.00	2490.00	2451.00	111.00	-5.0	3.0	4	890	96995	80		4077114
לודן	לודן	1081439	תא-צמיחה, תא All-Share	594.30				594.30	594.30				-4.3	-2.7			68491	320		11524676
לוזון נדלן	לזננ	666016		43.80	-3.74	54.49	13:59	45.50	46.50	46.50	43.80	-1.70	0.2	42.2	15	122470	72800	4400		160000000
לוזון קבוצה	לוזנ	473017		36.60	1.67	39.65	13:48	36.00	36.00	36.60	35.10	0.60	2.3	28.1	13	109972	102951	5700		285975382
לוינסקי עופר	ליעפ	200014		49.80				49.80	49.80				0.0	2.9			96926	4000		194631152
לוינשטין הנדסה	לשטן	573014	תא-SME60, תא-נדלן, תא All-Share, תא-רימון, תא-SME150, תא-פמילי	19700.00		5.52	12:57	19700.00	19700.00	19700.00	19700.00		-8.9	-11.2	3	28	719088	9		3650192
לוינשטין נכסים	לשנכ	1119080	תא-90, תא-125, תא-נדלן, תא All-Share, תא-רימון, תא-SME150, תא-פמילי	9325.00	1.02	62.02	13:04	9231.00	9231.00	9375.00	9231.00	94.00	-5.4	0.3	16	664	1329426	20		14401750
ליבנטל	לבטל	584011	תא-נדלן, תא-צמיחה, תא All-Share	1407.00	10.79	153.03	14:01	1270.00	1270.00	1407.00	1310.00	137.00	-2.4	-26.4	33	11106	126556	150		9965000
לידר השקעות	לידר	318014	תא-צמיחה, תא All-Share	66.90	2.45	16.89	13:58	65.30	65.30	68.00	65.30	1.60	-4.1	5.5	10	25054	312853	2900		479100900
לייבפרסון	לפסן	1123017	תא-35, תא-125, תא גלובל-בלוטק, תא All-Share, מדד תא-טכנולוגיה, תא טק - עילית, תא-רימון, תא סקטור-באלאנס	14470.00	1.47	5389.34	14:05	14260.00	14380.00	14480.00	14300.00	210.00	-3.3	12.1	323	37324	8940178	34		62694095
ליניאג תרפיוטיק	לינג	1136365	תא-SME60, מדד תא-ביומד, תא גלובל-בלוטק, תא All-Share, תא טק - עילית, תא-רימון, תא-SME150	348.50	-0.03	2.02	12:17	348.60	348.60	348.50	335.00	-0.10	-2.8	23.2	2	580	424956	560		121903633
לכיש	לכיש	826016		389.30				389.30	389.30				-2.4	11.0			31452	500		8079235
לסיכו	לסכו	1140946	תא-נדלן, תא-צמיחה, תא All-Share	593.90	4.17	46.62	12:35	570.10	570.10	593.90	570.10	23.80	-5.2	11.4	8	8056	259103	330		45448750
לפידות חלץ יהש	לפחל	1091248	תא-צמיחה, תא All-Share, מדד תא-נפט וגז	152.50	1.13	9.27	11:55	150.80	150.80	159.70	150.80	1.70	-2.3	-3.1	7	6018	105739	1300		70118393
לפידות קפיטל	לפדת	642017	תא-צמיחה, תא All-Share	2222.00	0.54	115.03	12:46	2210.00	2210.00	2350.00	2222.00	12.00	-1.9	18.1	16	5002	974142	89		44078818
מבטח שמיר	מבשמ	127019	תא-90, תא-125, תא All-Share, תא-רימון, תא-SME150, תא-פמילי	6412.00	-1.06	565.73	13:42	6481.00	6360.00	6695.00	6360.00	-69.00	-5.2	1.5	71	8679	616971	29		9519696
מבני תעשיה	מבני	226019	תא-90, תא-125, תא-נדלן, תא All-Share, תא-רימון, תא-SME150, תא סקטור-באלאנס	989.70	2.09	31471.21	14:06	969.40	984.00	992.80	982.10	20.30	-1.0	2.8	1048	3186947	7880550	200		812930670
מגדל ביטוח	מגדל	1081165	תא-90, תא-125, מדד תא-פיננסים, מדד תא-מעלה, תא All-Share, תא ביטוח-פלוס, תא-רימון, תא-SME150, תא סקטור-באלאנס	269.00	-0.66	1548.71	14:03	270.80	275.00	277.20	268.10	-1.80	-3.3	-16.9	208	566409	2853983	710		1053908234
מגדלי תיכון	מגתכ	1131523	תא-90, תא-125, תא-נדלן, מדד תל-דיב, תא All-Share, תא-רימון, תא-SME150	1062.00	1.63	715.32	13:46	1045.00	1045.00	1078.00	1045.00	17.00	-2.2	4.2	126	66809	1567855	190		150033987
מגה אור	מגאר	1104488	תא-90, תא-125, תא-נדלן, מדד תל-דיב, תא All-Share, תא-רימון, תא-SME150	8785.00	2.45	1165.21	14:04	8575.00	8575.00	8794.00	8551.00	210.00	-6.0	0.5	160	13376	2945447	22		34349240
מגוריט	מריט	1139195	תא-SME60, תא-נדלן, תא All-Share, תא-רימון, תא-SME150	71.90	0.28	140.77	13:35	71.70	71.10	72.00	71.10	0.20	-2.3	-6.4	28	196792	678450	2700		946234815
מג'יק	מגיק	1082312	תא-90, תא-125, מדד תל-דיב, תא גלובל-בלוטק, תא All-Share, מדד תא-טכנולוגיה, תא טק - עילית, תא-רימון, תא-SME150, תא סקטור-באלאנס	3665.00	1.16	558.59	13:37	3623.00	3699.00	3700.00	3607.00	42.00	-3.4	7.8	91	15326	1771730	53		48902288
מדטכניקה	מדטכנ	253013	תא-צמיחה, תא All-Share	1551.00				1551.00	1551.00				-0.3	4.7			223264	130		14394816
מדיגוס	מדגס	1096171	מדד תא-ביומד, תא-צמיחה, תא גלובל-בלוטק, תא All-Share	27.40	-1.79	55.02	14:07	27.90	27.90	27.90	27.30	-0.50	-6.1	-8.8	15	199776	23045	6700		82598738
מדיוי	מדיוי	1122654		900.00	10.06	27.43	12:27	817.70	817.70	900.00	817.70	82.30	-6.6	-6.2	14	3160	17948	230		2194949
מדיפאואר	מדפר	1139955	תא-נדלן, תא-צמיחה, תא All-Share	592.60	1.82	66.19	10:39	582.00	582.00	592.60	580.00	10.60	-3.8	-11.8	6	11338	222711	330		38266481
מדלי	מדלי	1143148		666.80				666.80	666.80				0.0	-10.6			363234	300		54474211
מהדרין	מהדרן	686014	תא-צמיחה, תא All-Share, תא-תעשייה	13520.00	3.21	401.51	12:33	13100.00	13270.00	13570.00	13110.00	420.00	-1.9	-5.0	45	2996	435552	15		3324824
מובייל מקס-ש	מבמק-ש	1105139		35.00				35.00	35.00				0.0	-22.2			2745	5700		7841510
מודיעין   יהש	מדע	345017	תא-צמיחה, תא All-Share, מדד תא-נפט וגז	980.00	0.60	439.77	13:58	974.20	974.20	987.40	967.10	5.80	-2.7	-11.3	82	45031	107023	200		10985688
מור השקעות	מרהש	1141464	מדד תא-פיננסים, תא-צמיחה, תא All-Share, תא ביטוח-פלוס, תא-רימון	834.20	2.70	906.64	14:01	812.30	812.30	838.90	812.30	21.90	-2.0	29.7	139	110132	516532	240		63588847
מזרחי טפחות	מזטפ	695437	תא-35, תא-125, מדד תא-פיננסים, תא בנקים-5, תא All-Share, תא-רימון, תא סקטור-באלאנס	9305.00	0.64	8946.29	14:04	9246.00	9250.00	9330.00	9246.00	59.00	-2.0	0.5	552	96337	21719539	53		234907406
מטומי	מטומי	1131697		17.80	-2.73	199.52	13:57	18.30	18.30	18.10	17.50	-0.50	-1.6	-5.2	33	1114069	18002	11000		98372339
מטעי הדר 1	מטעי1	716019		26550.00	3.83	2.12	11:15	25570.00	25570.00	26550.00	26550.00	980.00	0.0	56.4	1	8	50229	8		196439
מטעי הדר 5	מטעי5	716035		62490.00				62490.00	62490.00				0.0	8.8			6628	3		10606
מטריקס	מטרקס	445015	תא-90, תא-125, מדד תל-דיב, תא גלובל-בלוטק, תא All-Share, מדד תא-טכנולוגיה, תא תקשורת וטכנולוגיות מידע, תא טק - עילית, תא-רימון, תא-SME150, תא סקטור-באלאנס	6989.00	4.03	6954.73	14:07	6718.00	6725.00	6994.00	6720.00	271.00	-7.1	-3.4	741	100510	4170906	28		62085535
מידאס	מדאס	544015		42.50	2.41	38.09	12:18	41.50	41.50	42.50	40.00	1.00	-2.4	22.8	17	92139	30861	4700		74363078
מיחשוב ישר קב	מחשר	507012	תא-צמיחה, תא גלובל-בלוטק, תא All-Share, מדד תא-טכנולוגיה, תא תקשורת וטכנולוגיות מידע, תא טק - עילית	16050.00	0.75	8.34	13:31	15930.00	15930.00	16050.00	16000.00	120.00	-5.1	2.8	4	52	546657	12		3431621
מיטב דש	מטדש	1081843	תא-90, תא-125, מדד תא-פיננסים, מדד תא-מעלה, תא All-Share, תא ביטוח-פלוס, תא-רימון, תא-SME150, תא סקטור-באלאנס, תא-פמילי	1311.00	0.38	171.49	13:43	1306.00	1306.00	1325.00	1306.00	5.00	-3.7	2.2	50	13033	866373	150		66337913
מיט-טק	מיטק	1080720		230.10	-0.09	212.38	13:50	230.30	228.00	239.90	220.00	-0.20	1.3	33.9	50	93832	116781	880		50708009
מיטרוניקס	מטרן	1091065	תא-90, תא-125, מדד תל-דיב, תא גלובל-בלוטק, תא All-Share, מדד תא-טכנולוגיה, תא טק - עילית, תא-רימון, תא-SME150, תא סקטור-באלאנס, תא-תעשייה	2920.00	3.91	1446.64	14:06	2810.00	2810.00	2921.00	2810.00	110.00	-5.1	-2.6	176	50354	3025354	68		107663835
מיי סייז	מיסז	1094168	תא-צמיחה, תא גלובל-בלוטק, תא All-Share, מדד תא-טכנולוגיה	942.20	-1.52	21.03	10:55	956.70	973.00	973.00	942.20	-14.50	-4.5	-18.8	7	2223	19060	200		1992243
מיקרומדיק	מקטכ	433011		46.00	-1.29	39.32	13:50	46.60	46.60	47.60	46.00	-0.60	0.0	8.1	11	84357	21187	4300		45466363
מיקרונט	מקרנט	1099787		25.10	-3.09	13.12	14:01	25.90	26.50	26.50	24.60	-0.80	-7.2	-8.5	9	52200	10322	7200		39853811
מירלנד	מרלד	1108638	תא-נדלן, תא-צמיחה, תא All-Share	8.60	-6.52	34.01	11:30	9.20	9.20	9.30	7.10	-0.60	-27.0	-56.6	34	100	8680	16000		94342964
מישורים	מישר	1105196	תא-נדלן, תא-צמיחה, תא All-Share	1125.00	2.74	209.44	14:01	1095.00	1095.00	1125.00	1100.00	30.00	-1.4	17.0	16	18807	379472	180		34654964
מכון חקר אנטרנט	מטנט	1143502		83.00	-2.35	9.95	12:15	85.00	85.00	83.00	79.10	-2.00	-3.4	-5.1	5	12369	39527	2300		46502800
מליסרון	מלסרן	323014	תא-35, תא-125, תא-נדלן, מדד תל-דיב, תא All-Share, תא-רימון, תא סקטור-באלאנס	22920.00	4.04	5629.01	14:00	22030.00	22360.00	22920.00	22260.00	890.00	-3.0	-0.1	279	24980	10450453	22		47437372
מלם תים	מלתם	156018	תא-90, תא-125, מדד תא-מעלה, תא גלובל-בלוטק, תא All-Share, מדד תא-טכנולוגיה, תא תקשורת וטכנולוגיות מידע, תא טק - עילית, תא-רימון, תא-SME150, תא סקטור-באלאנס	74210.00	2.93	1220.29	13:46	72100.00	72100.00	74790.00	72100.00	2110.00	-2.8	10.0	107	1649	1578646	3		2189523
ממן	ממן	238014	תא-צמיחה, תא All-Share	601.30		0.07	10:09	601.30	601.30	601.30	601.30		-3.3	-3.2	1	12	247594	320		41176472
מן הגורן	מנגנ	1080522		1788.00				1788.00	1788.00				0.2	-2.2			64845	110		3626662
מנדלסוןתשת	מנתש	1129444	תא-SME60, תא All-Share, תא-רימון, תא-SME150	617.00	-3.00	18.37	12:10	636.10	636.10	636.10	617.00	-19.10	-6.8	16.3	8	2890	252024	290		39620107
מנורה מב החז	ממהח	566018	תא-90, תא-125, מדד תא-פיננסים, תא All-Share, תא ביטוח-פלוס, תא-רימון, תא-SME150, תא סקטור-באלאנס	4460.00	-0.04	758.03	13:59	4462.00	4462.00	4519.00	4460.00	-2.00	-3.0	-11.6	119	16865	2823194	43		63271931
מניבים ריט	מנרט	1140573	תא-SME60, תא-נדלן, תא All-Share, תא-רימון, תא-SME150	246.00	2.71	9455.88	14:02	239.50	244.90	246.00	241.20	6.50	-1.4	2.9	118	3882869	1159861	820		484284169
מנרב	מנרב	155036	תא-SME60, תא-נדלן, תא All-Share, תא-רימון, תא-SME150, תא-פמילי	52210.00	-0.42	92.46	14:01	52430.00	52430.00	53280.00	51910.00	-220.00	-5.5	-1.1	16	177	538520	4		1027122
מנרב פרויקטים	מנפר	1140243	תא-נדלן, תא-צמיחה, תא All-Share	633.00	0.33	6.33	12:34	630.90	630.90	633.00	633.00	2.10	-1.4	-2.2	1	1000	540288	310		85637687
מצלאוי	מצלא	1106749		610.30				610.30	610.30				-2.4	16.4			131898	320		21612041
מר	מר	338012	תא-צמיחה, תא All-Share, תא-תעשייה	351.90		1.67	12:45	351.90	351.90	383.00	351.90		-5.8	-20.0	3	400	45779	540		13009140
מרחביה אחזקות	מראח	257014		33.00	4.43	2.05	13:56	31.60	31.60	33.00	33.00	1.40	-2.8	1.3	1	6200	21496	6200		68026198
נאוויטס פטר יהש	נאפט	1141969	תא-SME60, תא All-Share, מדד תא-נפט וגז, תא-רימון, תא-SME150	1885.00	1.07	2148.82	14:06	1865.00	1886.00	1916.00	1871.00	20.00	-9.9	14.5	245	113317	1137116	97		60971377
נאוי	נאוי	208017	תא-90, תא-125, מדד תא-פיננסים, מדד תל-דיב, תא All-Share, תא ביטוח-פלוס, תא-רימון, תא-SME150, תא סקטור-באלאנס	2700.00	1.12	478.15	13:56	2670.00	2670.00	2710.00	2661.00	30.00	-0.4	7.2	86	17778	873904	75		32730484
נובה	נובה	1084557	תא-90, תא-125, תא גלובל-בלוטק, תא All-Share, מדד תא-טכנולוגיה, תא טק - עילית, תא-רימון, תא-SME150, תא סקטור-באלאנס, תא-תעשייה	13300.00	1.99	699.25	13:49	13040.00	13230.00	13430.00	13230.00	260.00	-2.5	-0.8	111	5251	3651932	15		28005617
נובולוג	נבלג	1140151	תא-SME60, תא All-Share, תא-רימון, תא-SME150	202.00	1.92	94.51	13:26	198.20	198.20	206.00	198.20	3.80	-0.8	17.3	21	46802	918629	1000		463485904
נורסטאר	נסטר	723007	תא-90, תא-125, תא-נדלן, מדד תל-דיב, תא All-Share, תא-רימון, תא-SME150, תא-פמילי	7949.00	2.62	766.04	13:59	7746.00	7980.00	7998.00	7804.00	203.00	-2.7	4.8	127	9696	2001592	25		25840327
נטו אחזקות	נטו	168013	תא-90, תא-125, מדד תל-דיב, תא All-Share, תא-רימון, תא-SME150, תא סקטור-באלאנס, תא-תעשייה, תא-פמילי	19280.00	4.78	746.24	13:56	18400.00	18300.00	19280.00	18300.00	880.00	-4.5	-13.7	187	3960	680663	10		3699256
נטו מלינדה	נטמל	1105097	תא-צמיחה, תא All-Share	5799.00	-0.02	1046.54	14:07	5800.00	5800.00	5850.00	5771.00	-1.00	2.2	8.9	158	18025	1210794	35		20875754
ניו הוריזון-ש	נירז-ש	397018		238.30				238.30	238.30				0.0	-21.9			7321	840		3072192
נייס	נייס	273011	תא-35, תא-125, מדד תא-מעלה, תא גלובל-בלוטק, תא All-Share, מדד תא-טכנולוגיה, תא טק - עילית, תא-רימון, תא סקטור-באלאנס	59280.00	-0.70	30269.52	14:07	59700.00	59750.00	60490.00	59270.00	-420.00	-0.2	11.5	920	50723	37093859	8		62133768
נייר חדרה	נייח	632018	תא-90, תא-125, מדד תא-מעלה, תא All-Share, תא-רימון, תא-SME150, תא סקטור-באלאנס, תא-תעשייה	13080.00	1.08	882.59	14:05	12940.00	13200.00	13200.00	12880.00	140.00	-5.5	-6.2	98	6798	820075	15		6337521
ניסן	ניסן	660019	תא-צמיחה, תא All-Share, תא-רימון, תא-תעשייה	1196.00		13.02	11:17	1196.00	1196.00	1196.00	1191.00		-2.6	-11.2	4	1092	108639	160		9083524
נכסים ובנין	נכסבנ	699017	תא-90, תא-125, תא-נדלן, מדד תל-דיב, תא All-Share, תא-רימון, תא-SME150	38000.00	3.94	4103.42	14:07	36560.00	36560.00	38150.00	36560.00	1440.00	-3.4	-0.6	361	10831	2302524	5		6297932
ננו דיימנשן	ננדמ	751032	תא-צמיחה, תא גלובל-בלוטק, תא All-Share, מדד תא-טכנולוגיה, תא-רימון, תא-תעשייה	15.80		408.97	14:05	15.80	15.80	15.90	14.30		-6.0	-9.2	136	2689567	33568	12000		212456319
נפטא	נפטא	643015	תא-90, תא-125, תא All-Share, מדד תא-נפט וגז, תא-רימון, תא-SME150, תא סקטור-באלאנס	1645.00	1.86	5754.13	14:00	1615.00	1615.00	1700.00	1615.00	30.00	-10.6	-21.8	287	343081	1585570	110		98177700
נקסט ג'ן-ש	נקגן-ש	1083930		27.90				27.90	27.90				-0.4	5.3			8089	7100		28994177
נקסטקום	נקסט	1095785		550.60	2.34	2.75	10:52	538.00	538.00	550.60	550.60	12.60	-0.2	6.7	1	500	76294	370		14181103
נתנאל גרופ	נתגר	421016	תא-נדלן, תא-צמיחה, תא All-Share	675.00	0.90	40.14	12:21	669.00	669.00	675.00	668.40	6.00	-2.8	-0.3	5	6000	188834	290		28226261
סאטקום מערכות	סטקם	1080597		102.50	3.02	7.18	13:21	99.50	99.50	102.50	102.40	3.00	0.7	1.0	4	7010	51181	2000		51438252
סאמיט	סמט	1081686	תא-90, תא-125, תא-נדלן, תא All-Share, תא-רימון, תא-SME150, תא סקטור-באלאנס	4976.00	0.69	2455.48	13:51	4942.00	4942.00	5093.00	4942.00	34.00	-4.5	7.1	189	48753	3442770	39		69663503
סאני אלקטרוניקה	סאני	5550157		305.20				305.20	305.20				-2.2	13.4			44308	640		14517785
סאני תקשורת	סנתק	1082353	תא-SME60, תא All-Share, תא-רימון, תא-SME150	144.10	-2.37	181.11	13:36	147.60	147.60	147.70	142.20	-3.50	-4.2	-10.4	19	124506	320636	1300		217233141
סאנפלאואר	סנפל	1098755	תא-צמיחה, תא גלובל-בלוטק, תא All-Share, מדד תא-טכנולוגיה, תא טק - עילית, תא-תשתיות אנרגיה	697.10	-0.20	2.11	12:39	698.50	698.50	697.10	697.10	-1.40	0.1	10.3	1	303	230167	290		32951639
סאפיינס	ספנס	1087659	תא-90, תא-125, תא גלובל-בלוטק, תא All-Share, מדד תא-טכנולוגיה, תא טק - עילית, תא-רימון, תא-SME150, תא סקטור-באלאנס	8459.00	0.95	1304.62	14:06	8379.00	8379.00	8478.00	8379.00	80.00	-6.9	7.4	161	15435	4189884	22		50004588
סולגרין	סלגן	1102235	תא-צמיחה, תא גלובל-בלוטק, תא All-Share, מדד תא-טכנולוגיה, תא-תשתיות אנרגיה	1713.00	0.59	116.66	13:12	1703.00	1703.00	1754.00	1703.00	10.00	-3.3	-3.6	29	6728	160675	110		9434836
סומוטו	סמטו	1129451	תא-SME60, תא גלובל-בלוטק, תא All-Share, מדד תא-טכנולוגיה, תא טק - עילית, תא-רימון, תא-SME150	133.50	1.37	14.00	13:26	131.70	131.70	134.50	131.70	1.80	-1.6	-3.4	7	10459	94882	1500		72044334
סיאי	סיאי	442012		499.60				499.60	499.60				0.0	-0.1			52883	400		10585000
סייפ-טי גרופ	ספטי	1083856		18.90	3.28	23.48	13:40	18.30	18.30	19.00	18.30	0.60	-12.9	-28.0	17	125556	11958	9500		65343322
סים בכורה  סד L	סמסטב	1142355		9236.00		20.97	10:15	9236.00	9236.00	9236.00	9236.00		-1.6	0.8	3	227	746337	21		8080740
סים קומרשייל	סמסט	1142306		5989.00				5989.00	5989.00				0.0	-9.7			874093	33		14594979
סינאל	סנאל	1084953	תא-צמיחה, תא גלובל-בלוטק, תא All-Share, מדד תא-טכנולוגיה, תא טק - עילית, תא-רימון	4020.00	1.77	4.70	12:44	3950.00	3950.00	4020.00	3950.00	70.00	-4.9	-3.6	3	118	223549	48		5659456
סלע נדלן	סלענד	1109644	תא-90, תא-125, תא-נדלן, מדד תל-דיב, תא All-Share, תא-רימון, תא-SME150	1070.00	0.85	2948.82	14:05	1061.00	1063.00	1082.00	1063.00	9.00	-2.5	4.7	324	274834	2034607	180		191763151
סלקום	סלקם	1101534	תא-90, תא-125, תא All-Share, תא תקשורת וטכנולוגיות מידע, תא-רימון, תא-SME150, תא סקטור-באלאנס	1272.00	1.44	1071.86	13:52	1254.00	1260.00	1280.00	1260.00	18.00	-0.1	14.1	186	84415	1860658	160		148377825
סנו	סנו	813014	מדד תא-מעלה, תא-צמיחה, תא All-Share, תא-תעשייה	20920.00	0.53	151.50	12:23	20810.00	20810.00	20920.00	20810.00	110.00	-4.6	-4.2	6	726	2557133	9		12288000
ספאנטק	ספנטק	1090117	תא-SME60, תא All-Share, תא-רימון, תא-SME150, תא-תעשייה	515.80	0.62	25.56	14:00	512.60	512.60	520.00	511.00	3.20	-2.3	-2.4	10	4959	339660	380		66262182
ספיר קורפ	ספיר	365015	תא-נדלן, תא-צמיחה, תא All-Share	394.90	2.31	2.12	12:41	386.00	386.00	394.90	386.00	8.90	-6.4	-9.3	3	544	147218	490		38139360
ספרינג	ספרג	1097344		871.00		2.04	12:24	871.00	871.00	871.00	871.00		-1.6	39.4	2	234	73337	230		8419877
סקופ	סקופ	288019	תא-90, תא-125, מדד תל-דיב, תא All-Share, תא-רימון, תא-SME150, תא סקטור-באלאנס	7930.00	0.57	298.07	13:37	7885.00	7870.00	7952.00	7860.00	45.00	-1.3	-0.2	56	3765	858982	25		10893872
סקייליין	סקלן	1131556	תא-נדלן, תא-צמיחה, תא All-Share	2936.00				2936.00	2936.00				-2.7	2.8			491640	66		16745227
עדיקה סטייל	עדקה	1143643	תא-צמיחה, תא All-Share	668.00	-1.14	160.06	13:35	675.70	659.60	690.00	650.00	-7.70	-6.9	24.0	40	24042	128646	280		19038980
עזריאלי קבוצה	עזרל	1119478	תא-35, תא-125, תא-נדלן, מדד תל-דיב, תא All-Share, תא-רימון, תא סקטור-באלאנס, תא-פמילי	25630.00	4.14	11553.53	14:07	24610.00	24950.00	25630.00	24780.00	1020.00	-3.5	-2.5	874	45780	29845226	20		121272760
עילדב	עלדב	1083658		298.90	-0.30	7.47	10:50	299.80	299.80	298.90	298.90	-0.90	-2.0	-0.1	1	2500	107401	650		35824103
על בד	עלבד	625012	תא-SME60, מדד תא-מעלה, תא All-Share, תא-רימון, תא-SME150, תא-תעשייה	1816.00	0.78	36.24	13:58	1802.00	1802.00	1821.00	1802.00	14.00	-4.8	-9.8	11	2002	189764	110		10530744
עמיר שיווק	עמשק	1092204	תא-צמיחה, תא All-Share	2760.00	0.29	348.58	13:40	2752.00	2752.00	2800.00	2700.00	8.00	-3.9	-9.0	66	12670	344141	70		12505125
ענבר גרופ	ענבר	424010		169.90	0.24	2.55	10:58	169.50	169.50	169.90	169.90	0.40	-1.2	-1.6	1	1500	29195	1200		17224013
ערד	ערד	731018	תא-צמיחה, תא All-Share	33930.00	0.74	5193.09	14:06	33680.00	33710.00	34190.00	33710.00	250.00	-1.2	9.7	437	15271	2595108	6		7705191
ערך פיננסים	עפנכ	1120161		4180.00	2.40	140.53	13:39	4082.00	4150.00	4190.00	4085.00	98.00	2.2	20.1	29	3384	65918	50		1614849
עשות	עשות	312017	תא-צמיחה, תא All-Share, תא-תעשייה	850.60		0.06	09:59	850.60	850.60	850.60	850.60		-0.2	-2.9	1	7	200507	230		23572394
פארמוקן	פמקנ	1096890	מדד תא-ביומד, תא-צמיחה, תא גלובל-בלוטק, תא All-Share, תא-תעשייה	233.60	-1.14	80.68	13:20	236.30	236.30	240.00	233.60	-2.70	-4.3	-10.2	23	34306	156080	810		66051563
פוורפליט	פרפל	1160829	תא-SME60, תא גלובל-בלוטק, תא All-Share, מדד תא-טכנולוגיה, תא תקשורת וטכנולוגיות מידע, תא-רימון, תא-SME150, תא-תעשייה	2480.00	-1.55	38.47	13:54	2519.00	2519.00	2481.00	2473.00	-39.00	-0.4	15.2	6	1551	740589	79		29400103
פוליגון	פלגן	745018	תא-נדלן, תא-צמיחה, תא All-Share	2966.00	3.13	38.35	11:03	2876.00	2876.00	2966.00	2875.00	90.00	0.0	3.1	9	1315	148022	70		5146818
פועלים	פעלים	662577	תא-35, תא-125, מדד תא-פיננסים, מדד תא-מעלה, תא בנקים-5, מדד תל-דיב, תא All-Share, תא-רימון, תא סקטור-באלאנס	2867.00	-0.52	33077.80	14:07	2882.00	2885.00	2905.00	2862.00	-15.00	-3.1	0.6	1250	1147616	38479546	170		1335168159
פועלים איביאי	פאי	1084482	מדד תא-פיננסים, תא-צמיחה, תא All-Share, תא ביטוח-פלוס	1157.00		138.16	10:19	1157.00	1157.00	1157.00	1157.00		-5.8	-8.9	5	11941	231138	160		19977386
פוקס	פוקס	1087022	תא-90, תא-125, מדד תל-דיב, תא All-Share, תא-רימון, תא-SME150, תא סקטור-באלאנס, תא-תעשייה, תא-פמילי	16000.00	2.96	976.63	13:55	15540.00	15800.00	16000.00	15720.00	460.00	-5.4	-1.2	115	6163	2100455	12		13516439
פורמולה מערכות	פרמלה	256016	תא-90, תא-125, תא גלובל-בלוטק, תא All-Share, מדד תא-טכנולוגיה, תא תקשורת וטכנולוגיות מידע, תא טק - עילית, תא-רימון, תא-SME150, תא סקטור-באלאנס	23800.00	2.15	1118.45	13:57	23300.00	24000.00	24090.00	23570.00	500.00	-6.8	-0.9	191	4705	3563564	8		15294267
פורסייט	פרסט	199018	תא-SME60, תא גלובל-בלוטק, תא All-Share, מדד תא-טכנולוגיה, תא טק - עילית, תא-רימון, תא-SME150	78.40	1.42	130.06	14:07	77.30	77.30	79.30	77.00	1.10	-11.5	8.7	37	166970	119621	2300		154749602
פז נפט	פזנפט	1100007	תא-35, תא-125, מדד תא-מעלה, מדד תל-דיב, תא All-Share, תא-רימון, תא סקטור-באלאנס, תא-תשתיות אנרגיה	38780.00	0.26	16651.81	14:01	38680.00	38680.00	39200.00	38130.00	100.00	-7.9	-20.9	806	43144	3937256	12		10179048
פטרוטקס יהש	פטקס	1099761		22.60	3.20	24.96	11:22	21.90	22.60	22.70	22.60	0.70	-2.2	6.3	11	110322	13299	8900		60727111
פטרוכימיים	פטרו	756015		338.50	4.93	5.62	14:03	322.60	322.60	338.90	338.50	15.90	5.7	3.0	3	1660	18220	660		5647955
פי.אל.טי פיננס	פלטפ	599019		32.80				32.80	32.80				-3.2	-7.6			17697	5900		53954612
פיבי	פיבי	763011	תא-90, תא-125, מדד תא-פיננסים, מדד תל-דיב, תא All-Share, תא-רימון, תא-SME150, תא סקטור-באלאנס	11110.00	1.37	1843.07	13:31	10960.00	10960.00	11200.00	10960.00	150.00	-3.6	-6.2	169	16639	3885609	18		35452640
פייטון	פטון	412015	תא-SME60, תא All-Share, תא-רימון, תא-SME150, תא-תעשייה	5196.00	4.19	43.27	13:59	4987.00	4987.00	5196.00	5055.00	209.00	-1.4	12.0	12	842	339116	40		6800000
פיסיבי טכנ	פסבט	1091685	תא-צמיחה, תא גלובל-בלוטק, תא All-Share, מדד תא-טכנולוגיה, תא טק - עילית, תא-תעשייה	457.60				457.60	457.60				-2.5	4.8			327614	430		71593956
פלאזה סנטר -ס	פלזס-ס	1109917		265.00	23.08	0.01	10:15	215.30	290.60	290.60	290.60	49.70	44.1	254.1	1	21867	14760	1300		6855603
פלוריסטם	פלתר	1121730	תא-SME60, מדד תא-ביומד, תא גלובל-בלוטק, תא All-Share, תא טק - עילית, תא-רימון, תא-SME150	1370.00	5.63	155.64	13:33	1297.00	1334.00	1370.00	1334.00	73.00	1.1	-5.7	45	11552	206763	160		15941605
פלסאון תעשיות	פלסון	1081603	תא-90, תא-125, מדד תא-מעלה, מדד תל-דיב, תא All-Share, תא-רימון, תא-SME150, תא סקטור-באלאנס, תא-תעשייה	15880.00	1.28	133.65	13:38	15680.00	15680.00	15900.00	15370.00	200.00	-2.8	1.6	41	846	1497119	12		9547955
פלסטו קרגל	פלקר	727016	תא-צמיחה, תא All-Share, תא-תעשייה	243.00				243.00	243.00				-2.5	-4.6			89991	800		37033224
פלסטופיל-ש	פפיל-ש	1092840		615.00				615.00	615.00				0.0	0.0			80721	330		13125373
פלרם	פלרם	644013	תא-צמיחה, תא All-Share, תא-תעשייה	1700.00	0.59	5.95	10:10	1690.00	1690.00	1700.00	1690.00	10.00	0.3	-5.2	3	350	434761	120		25725487
פמס	פמס	315010	תא-90, תא-125, תא All-Share, תא-רימון, תא-SME150, תא סקטור-באלאנס, תא-תעשייה, תא-פמילי	11650.00	-0.43	1945.41	13:43	11700.00	11860.00	11860.00	11470.00	-50.00	-2.3	-8.7	81	16700	1075808	17		9194936
פנאקסיה ישראל	פנאק	1104363	מדד תא-ביומד, תא-צמיחה, תא גלובל-בלוטק, תא All-Share, תא-תעשייה	286.50	-0.07	133.60	13:06	286.70	288.70	288.70	282.10	-0.20	-1.1	8.5	28	46706	290049	690		101167973
פנטזי נטוורק	פנטז	278010		199.10	5.62	24.91	13:57	188.50	190.00	199.10	184.00	10.60	-4.0	-4.8	12	13304	12954	1000		6872280
פנינסולה	פננס	333013	תא-SME60, מדד תא-פיננסים, תא All-Share, תא ביטוח-פלוס, תא-SME150	357.00	1.19	302.27	13:58	352.80	346.20	360.00	346.20	4.20	-1.8	17.9	45	85526	818152	560		231902526
פננטפארק	פננט	1142405		4279.00				4279.00	4279.00				1.1	0.8			1659057	47		38772074
פרוטליקס	פלקס	1120609	תא-SME60, מדד תא-ביומד, תא גלובל-בלוטק, תא All-Share, תא טק - עילית, תא-רימון, תא-SME150	1233.00		2.06	12:36	1233.00	1233.00	1233.00	1233.00		1.4	12.0	2	167	182955	160		14838230
פרטנר	פרטנר	1083484	תא-90, תא-125, מדד תא-מעלה, תא All-Share, תא תקשורת וטכנולוגיות מידע, תא-רימון, תא-SME150, תא סקטור-באלאנס	1546.00	0.98	1221.41	14:07	1531.00	1538.00	1555.00	1538.00	15.00	-0.6	-0.4	157	79065	2809289	130		183493756
פריגו	פרגו	1130699	תא-35, תא-125, מדד תא-ביומד, מדד תא-מעלה, תא גלובל-בלוטק, תא All-Share, תא-רימון, תא סקטור-באלאנס, תא-תעשייה	20340.00	0.20	7508.96	14:07	20300.00	20300.00	20440.00	20160.00	40.00	2.1	14.0	332	37048	27592655	25		135924409
פרידנזון	פרדנ	1102219	תא-צמיחה, תא All-Share	5180.00				5180.00	5180.00				-4.1	-13.5			71057	37		1371761
פריון נטוורק	פריון	1095819	תא-SME60, תא גלובל-בלוטק, תא All-Share, מדד תא-טכנולוגיה, תא טק - עילית, תא-רימון, תא-SME150	2851.00	7.58	916.97	14:07	2650.00	2715.00	2874.00	2715.00	201.00	-3.2	23.3	140	32484	686208	73		25894632
פריורטק	פרטק	328013	תא-SME60, תא גלובל-בלוטק, תא All-Share, מדד תא-טכנולוגיה, תא טק - עילית, תא-רימון, תא-SME150, תא-תעשייה	3671.00	0.25	106.70	13:20	3662.00	3662.00	3785.00	3671.00	9.00	-3.1	-0.4	29	2869	430646	53		11759861
פרשמרקט	פרשמ	1157833	תא-90, תא-125, תא All-Share, תא-רימון, תא-SME150, תא סקטור-באלאנס	863.60	0.23	82.86	13:37	861.60	861.60	873.00	860.90	2.00	-0.6	-3.7	32	9601	1321350	230		153360000
פרשקובסקי	פרשק	1102128	תא-נדלן, תא-צמיחה, תא All-Share	7105.00	2.14	1249.32	14:05	6956.00	6956.00	7204.00	6956.00	149.00	-6.8	1.1	129	17579	1305446	27		18767196
פתאל החזקות	פתאל	1143429	תא-35, תא-125, תא All-Share, תא-רימון, תא סקטור-באלאנס	50180.00	0.16	6125.80	14:06	50100.00	50100.00	50990.00	49640.00	80.00	-3.2	-10.9	448	12227	7235342	10		14441800
צאם	צאם	342014		170.90				170.90	170.90				0.0	3.1			42716	1200		24994530
צור	צור	730010	תא-90, תא-125, תא All-Share, תא-רימון, תא-SME150	1400.00	0.72	190.13	13:57	1390.00	1385.00	1413.00	1385.00	10.00	-2.4	-0.5	48	13504	902861	140		64954008
צירון	בזצ	456012		146.00	-3.44	6.20	13:48	151.20	148.00	148.00	146.00	-5.20	-5.1	-24.4	7	4191	12020	1300		7949634
צמח המרמן	צמח	1104058	תא-נדלן, תא-צמיחה, תא All-Share, תא-רימון	1865.00	0.92	46.82	12:44	1848.00	1848.00	1880.00	1848.00	17.00	-2.8	-4.2	14	2517	334478	110		18099464
צרפתי	צרפת	425017	תא-נדלן, תא-צמיחה, תא All-Share	1673.00		35.00	12:51	1673.00	1673.00	1673.00	1672.00		-2.8	5.6	3	2092	321503	120		19217153
קאנומד	קנמד	1118116		30.00	1.69	56.45	13:32	29.50	29.00	30.60	29.00	0.50	-6.1	-62.2	13	190696	36457	6400		123582255
קדימהסטם	קדסט	1128461	מדד תא-ביומד, תא-צמיחה, תא גלובל-בלוטק, תא All-Share	35.30	-0.84	31.09	11:37	35.60	36.50	36.50	35.30	-0.30	-1.1	-33.1	11	87676	44236	5600		124259122
קו מנחה	קמנחה	271015	תא-צמיחה, תא All-Share, תא תקשורת וטכנולוגיות מידע	1334.00		55.38	12:13	1334.00	1334.00	1335.00	1334.00		-1.9	-7.9	4	4150	116929	150		8765292
קווינקו	קנקו	386011	תא-צמיחה, תא All-Share	701.00		5.54	13:35	701.00	701.00	701.00	701.00		0.0	5.1	4	790	210488	290		30026796
קווליטאו	קלטו	1083955	תא-צמיחה, תא גלובל-בלוטק, תא All-Share, מדד תא-טכנולוגיה, תא-תעשייה	2323.00	2.97	53.04	14:01	2256.00	2256.00	2389.00	2293.00	67.00	-3.7	-1.0	13	2287	96058	85		4257894
קומפיוגן	קמפג	1085208	תא-SME60, מדד תא-ביומד, תא גלובל-בלוטק, תא All-Share, תא טק - עילית, תא-רימון, תא-SME150, תא-תעשייה	2731.00	5.04	714.06	14:06	2600.00	2640.00	2732.00	2640.00	131.00	3.6	24.7	97	26470	1765994	80		67922836
קופיקס גרופ	קפקס	389015		349.50	-0.09	16.25	11:29	349.80	349.80	349.50	349.50	-0.30	0.1	-2.9	4	4650	91407	570		26131088
קליל	קליל	797035	תא-90, תא-125, תא All-Share, תא-רימון, תא-SME150, תא-תעשייה	27710.00	1.80	123.33	13:37	27220.00	27340.00	27750.00	27340.00	490.00	-1.2	-6.5	36	448	626896	7		2303071
קמהדע	קמדע	1094119	תא-90, תא-125, מדד תא-ביומד, תא גלובל-בלוטק, תא All-Share, תא טק - עילית, תא-רימון, תא-SME150, תא-תעשייה	2258.00	0.53	1261.98	14:04	2246.00	2246.00	2271.00	2204.00	12.00	-0.8	-5.2	209	56076	906331	88		40353101
קמטק	קמטק	1095264	תא-90, תא-125, תא גלובל-בלוטק, תא All-Share, מדד תא-טכנולוגיה, תא טק - עילית, תא-רימון, תא-SME150, תא סקטור-באלאנס, תא-תעשייה	4155.00	2.01	590.84	13:52	4073.00	4119.00	4183.00	4100.00	82.00	-1.0	7.3	115	14217	1565304	49		38431235
קמן קפיטל-ש	קמןק-ש	1106806		260.00	-10.34			290.00	290.00			-30.00	0.0	-8.8		630	22729	690		7837451
קנאשור	קנשר	111013		97.10	-1.92	26.57	11:21	99.00	100.00	100.00	96.00	-1.90	-3.3	-11.1	9	26854	61297	2000		61916275
קנביט	קנבט	1084367	מדד תא-ביומד, תא-צמיחה, תא גלובל-בלוטק, תא All-Share, תא-תעשייה	731.00	1.44	265.10	13:58	720.60	720.60	750.00	731.00	10.40	-6.2	-21.8	60	35895	236714	260		32849523
קנון	קנון	1134139	תא-90, תא-125, תא All-Share, תא-רימון, תא-SME150	6743.00	0.72	6886.03	13:37	6695.00	6670.00	6792.00	6670.00	48.00	-6.1	-9.2	175	102408	3605826	28		53858498
קנזון	קנזנ	1096007		767.30				767.30	767.30				-2.9	-20.0			28348	250		3694460
קסטרו	קסטרו	280016	תא-צמיחה, תא All-Share, תא-תעשייה	3900.00	-2.50	30.24	13:48	4000.00	4000.00	3923.00	3840.00	-100.00	0.0	-4.3	8	779	329905	50		8247630
קסניה	קסנה	1099571		132.60	0.91	2.52	10:15	131.40	132.60	132.60	132.60	1.20	-0.8	5.2	1	1900	65096	1500		49540364
קפיטל פוינט	קפטל	1097146	מדד תא-ביומד, תא-צמיחה, תא גלובל-בלוטק, תא All-Share	41.10		8.55	12:00	41.10	41.10	41.10	41.10		0.2	3.5	3	20802	50573	4900		123047832
קרדן אן.וי.	קרנו	1087949		14.40				14.40	14.40				0.0	-5.3			17715	14000		123022256
קרדן ישראל	קרדי	1210152	תא-נדלן, תא-צמיחה, תא All-Share	172.70		0.00	10:13	172.70	172.70	172.70	172.70		-2.4	-2.3	1	1	254423	1100		147320771
קרדן נדלן	קרנז	1118447	תא-SME60, תא-נדלן, תא All-Share, תא-רימון, תא-SME150	270.10	0.45	75.24	13:35	268.90	268.90	274.90	268.30	1.20	-4.2	1.8	13	27697	491497	710		182780641
קרור	קרור	621011	תא-90, תא-125, מדד תל-דיב, תא All-Share, תא-רימון, תא-SME150, תא סקטור-באלאנס, תא-תעשייה	9424.00	0.69	109.09	13:37	9359.00	9359.00	9441.00	9313.00	65.00	-1.0	-1.9	34	1160	1177131	21		12577534
קרסו	קרסו	1123850	תא-90, תא-125, מדד תל-דיב, תא All-Share, תא-רימון, תא-SME150, תא סקטור-באלאנס, תא-פמילי	1620.00	0.31	188.93	13:37	1615.00	1635.00	1640.00	1604.00	5.00	-2.5	4.1	55	11660	1291152	120		79947513
קשרי תעופה	קשרתע	413013		1165.00		0.64	10:15	1165.00	1165.00	1165.00	1165.00		1.7	5.0	1	55	89205	170		7657122
ראלקו	רלקו	393017	תא-צמיחה, תא All-Share	2603.00	6.24	2.11	10:00	2450.00	2450.00	2603.00	2450.00	153.00	0.0	-0.6	2	82	99729	82		4070571
רבד	רבד	526012	תא-נדלן, תא-צמיחה, תא All-Share	869.80	0.03	11.03	10:10	869.50	869.50	869.80	869.80	0.30	-2.0	-4.0	4	1268	227555	230		26170805
רבוע נדלן	רבנד	1098565	תא-90, תא-125, תא-נדלן, מדד תל-דיב, תא All-Share, תא-רימון, תא-SME150	24300.00	2.32	585.03	13:37	23750.00	24210.00	24780.00	24200.00	550.00	-3.5	-2.7	98	2405	2751430	8		11584970
רבל	רבל	1103878	תא-SME60, תא All-Share, תא-רימון, תא-SME150, תא-תעשייה	1054.00	4.15	640.83	14:07	1012.00	1012.00	1079.00	1012.00	42.00	-5.7	-1.1	79	61066	858988	190		84880251
רדהיל	רדהל	1122381	תא-90, תא-125, מדד תא-ביומד, תא גלובל-בלוטק, תא All-Share, תא טק - עילית, תא-רימון, תא-SME150, תא-תעשייה	181.10	-0.49	257.56	13:51	182.00	180.60	181.90	177.00	-0.90	-6.9	-11.9	84	142827	641906	1000		352695668
רובוגרופ	רבגפ	266015		152.00	0.13	15.49	13:30	151.80	151.80	152.60	152.00	0.20	-2.2	-19.1	3	10169	61740	1300		40671631
רוטשטיין	רשטן	539015	תא-נדלן, תא-צמיחה, תא All-Share	2570.00	1.70	53.73	13:41	2527.00	2527.00	2570.00	2527.00	43.00	-7.4	9.9	16	2107	337813	73		13368147
רותם אנרגיה יהש	רתאנ	1147750		82.40	-1.90	91.95	13:22	84.00	82.00	85.80	82.00	-1.60	-7.7	-28.9	15	110081	28317	2200		33710700
ריט 1	ריט1	1098920	תא-90, תא-125, תא-נדלן, מדד תל-דיב, תא All-Share, תא-רימון, תא-SME150, תא סקטור-באלאנס	2106.00	1.54	4193.53	14:07	2074.00	2078.00	2108.00	2078.00	32.00	-2.1	0.5	456	199777	3697988	94		178302196
רימוני	רמני	1080456	תא-צמיחה, תא All-Share, תא-תעשייה	3404.00		7.83	12:24	3404.00	3404.00	3404.00	3403.00		-3.0	-9.4	3	230	286065	57		8403800
רם און	רמאן	1090943	תא-SME60, תא All-Share, תא-רימון, תא-SME150, תא-תעשייה	724.00	0.92	173.30	13:10	717.40	717.40	724.00	717.40	6.60	-5.3	-9.4	5	24134	120500	260		16796835
רמי לוי	רמלי	1104249	תא-90, תא-125, מדד תל-דיב, תא All-Share, תא-רימון, תא-SME150, תא סקטור-באלאנס, תא-פמילי	19700.00	1.23	1036.09	14:01	19460.00	19460.00	19860.00	19460.00	240.00	-2.4	-2.0	149	5257	2680728	10		13775583
רני צים	רנצם	1143619	תא-נדלן, תא-צמיחה, תא All-Share	439.70	2.49	175.44	14:03	429.00	429.00	441.40	429.00	10.70	-1.1	-1.4	29	40103	558109	460		130095312
רפק	רפק	769026	תא-צמיחה, תא All-Share	1915.00	1.65	76.26	10:25	1884.00	1884.00	1915.00	1884.00	31.00	-2.2	16.5	12	3996	263064	100		13963075
רציו      יהש	רצו	394015	תא-90, תא-125, תא All-Share, מדד תא-נפט וגז, תא-רימון, תא-SME150, תא סקטור-באלאנס	201.40	-2.71	7744.86	14:07	207.00	208.80	211.80	201.20	-5.60	-7.0	-21.7	938	3740665	2326302	900		1123817264
רציו פטרול  יהש	רצפט	1139864	תא-SME60, תא All-Share, מדד תא-נפט וגז, תא-רימון, תא-SME150	345.00	1.17	781.30	13:50	341.00	346.10	354.80	343.30	4.00	-9.3	2.5	146	224621	586640	530		172035050
רקח	רקח	1081009	מדד תא-ביומד, תא-צמיחה, תא גלובל-בלוטק, תא All-Share, תא-תעשייה	2180.00	-3.33	20.15	13:38	2255.00	2255.00	2207.00	2180.00	-75.00	3.2	12.9	10	918	259864	91		11523922
שגריר	שגרר	1138379	תא-צמיחה, תא All-Share, תא-רימון	1215.00	0.25	9.35	13:26	1212.00	1212.00	1220.00	1212.00	3.00	-4.6	-4.8	5	768	100013	160		8251918
שוהם ביזנס	שוהם	1082007	מדד תא-פיננסים, תא-צמיחה, תא All-Share, תא ביטוח-פלוס	858.00	1.92	431.49	13:25	841.80	854.50	860.00	851.20	16.20	-0.2	12.9	67	50260	274308	240		32585851
שופרסל	שפרסל	777037	תא-35, תא-125, מדד תא-מעלה, מדד תל-דיב, תא All-Share, תא-רימון, תא סקטור-באלאנס	2119.00	-0.19	4546.84	14:04	2123.00	2135.00	2142.00	2103.00	-4.00	-1.8	-3.4	313	213800	5056061	230		238156416
שטראוס	שטרס	746016	תא-35, תא-125, מדד תא-מעלה, מדד תל-דיב, תא All-Share, תא-רימון, תא סקטור-באלאנס, תא-תעשייה, תא-פמילי	10310.00	4.35	6666.84	14:06	9880.00	9950.00	10350.00	9945.00	430.00	-2.8	-6.7	512	65945	11440927	49		115798852
שיח מדיקל	שיח	249011	מדד תא-ביומד, תא-צמיחה, תא גלובל-בלוטק, תא All-Share, תא-תעשייה	82.40	0.49	46.89	14:00	82.00	82.00	85.90	82.00	0.40	-0.4	-6.5	14	56504	256598	2400		312923984
שיכון ובינוי	שוב	1081942	תא-35, תא-125, תא-נדלן, מדד תא-מעלה, מדד תל-דיב, תא All-Share, תא-רימון, תא סקטור-באלאנס	1689.00	3.62	19407.47	14:07	1630.00	1649.00	1695.00	1649.00	59.00	-4.1	2.6	743	1152316	6568431	290		402971220
שירותי בנק אוטו	שבא	1158161	מדד תא-פיננסים, תא-צמיחה, תא All-Share, תא ביטוח-פלוס, תא-רימון	849.80	0.24	92.46	12:06	847.80	847.80	854.80	839.30	2.00	-3.2	-0.3	16	10887	339120	230		40000000
שלאג	שלאג	1090547	תא-SME60, תא All-Share, תא-רימון, תא-SME150, תא-תעשייה	834.00	1.44	30.05	12:23	822.20	822.20	836.70	822.20	11.80	-5.1	-13.3	5	3606	302200	230		36755000
שמן תעשיות	שמןתע	634030	תא-צמיחה, תא All-Share, תא-תעשייה	481.00				481.00	481.00				0.0	-0.8			106724	420		22188015
שניב	שניב	1080837	תא-צמיחה, תא All-Share, תא-תעשייה	480.40	1.84	2.02	12:29	471.70	471.70	480.40	471.70	8.70	-2.0	5.0	2	420	290364	420		61557010
שנפ	שנפ	1103571	תא-צמיחה, תא All-Share, תא-רימון	1089.00				1089.00	1089.00				-1.9	-2.2			138247	180		12694897
שפיר הנדסה	שפהנ	1133875	תא-35, תא-125, מדד תל-דיב, תא All-Share, תא-רימון, תא סקטור-באלאנס, תא-תעשייה, תא-פמילי	2455.00	3.46	9111.87	14:05	2373.00	2375.00	2467.00	2375.00	82.00	-3.5	12.6	657	373769	8440566	200		355691797
שפע ימים	שפע	341016		30.90				30.90	30.90				8.4	7.7			14978	7000		48473322
תאת טכנו	תאתטכ	1082726	תא-צמיחה, תא All-Share, תא-רימון, תא-תעשייה	1764.00		0.19	10:05	1764.00	1764.00	1764.00	1764.00		-1.9	0.2	1	11	156550	110		8874696
תדאה	תדאה	142018	תא-צמיחה, תא All-Share	1407.00				1407.00	1407.00				-3.0	-8.4			78115	140		5551901
תדיר גן	תדגן	1090141		12.50				12.50	12.50				1.6	22.5			51469	16000		411754408
תדיראן הולדינגס	תדראן	258012	תא-90, תא-125, תא All-Share, תא-רימון, תא-SME150, תא סקטור-באלאנס, תא-פמילי	15110.00	2.93	672.83	13:49	14680.00	14680.00	15190.00	14680.00	430.00	-2.5	-0.8	148	4461	1249913	13		8514392
תיא השקעות	תאהש	796011	תא-צמיחה, תא All-Share, תא תקשורת וטכנולוגיות מידע	6295.00				6295.00	6295.00				0.0	7.1			155369	32		2468133
תיגבור	תגבר	1105022		1150.00				1150.00	1150.00				-0.9	-7.6			107963	170		9388070
תמר פטרוליום	תמרפ	1141357	תא-90, תא-125, תא All-Share, מדד תא-נפט וגז, תא-רימון, תא-SME150, תא סקטור-באלאנס	523.20	-2.95	666.23	14:01	539.10	539.10	541.80	523.20	-15.90	-6.2	-32.7	143	124591	477080	350		88495576
תעוזה	תעוזה	290023	תא-צמיחה, תא גלובל-בלוטק, תא All-Share, מדד תא-טכנולוגיה	41.30	-2.13	14.15	13:21	42.20	42.20	41.50	41.30	-0.90	-0.2	0.0	3	34207	48082	4700		113939533
תפרון	תפרן	1082585		294.70				294.70	294.70				-3.0	-1.1			35276	660		11970126